Season,Identifiant
1956-57,ID_241
1956-57,ID_314
1956-57,ID_263
1956-57,ID_249
1956-57,ID_293
1956-57,ID_335
1956-57,ID_344
1956-57,ID_332
1956-57,ID_337
1956-57,ID_268
1956-57,ID_276
1956-57,ID_281
1956-57,ID_284
1956-57,ID_348
1956-57,ID_351
1956-57,ID_290
1956-57,ID_283
1956-57,ID_252
1956-57,ID_305
1956-57,ID_311
1956-57,ID_279
1956-57,ID_339
1956-57,ID_343
1956-57,ID_291
1956-57,ID_254
1956-57,ID_295
1956-57,ID_321
1956-57,ID_298
1956-57,ID_309
1956-57,ID_352
1956-57,ID_286
1956-57,ID_253
1956-57,ID_342
1956-57,ID_323
1956-57,ID_334
1956-57,ID_312
1956-57,ID_325
1956-57,ID_259
1956-57,ID_310
1956-57,ID_302
1956-57,ID_282
1956-57,ID_265
1956-57,ID_245
1956-57,ID_353
1956-57,ID_331
1956-57,ID_336
1956-57,ID_330
1956-57,ID_255
1956-57,ID_296
1956-57,ID_345
1956-57,ID_285
1956-57,ID_306
1956-57,ID_287
1956-57,ID_246
1956-57,ID_261
1956-57,ID_324
1956-57,ID_329
1956-57,ID_301
1956-57,ID_326
1956-57,ID_251
1956-57,ID_303
1956-57,ID_340
1956-57,ID_278
1956-57,ID_316
1956-57,ID_300
1956-57,ID_297
1956-57,ID_242
1956-57,ID_250
1956-57,ID_264
1956-57,ID_318
1956-57,ID_319
1956-57,ID_350
1956-57,ID_292
1956-57,ID_274
1956-57,ID_239
1956-57,ID_288
1956-57,ID_333
1956-57,ID_244
1956-57,ID_243
1956-57,ID_260
1956-57,ID_349
1956-57,ID_273
1956-57,ID_346
1956-57,ID_327
1956-57,ID_257
1956-57,ID_289
1956-57,ID_322
1956-57,ID_256
1956-57,ID_304
1956-57,ID_294
1956-57,ID_347
1956-57,ID_275
1956-57,ID_270
1956-57,ID_267
1956-57,ID_315
1956-57,ID_320
1956-57,ID_258
1956-57,ID_307
1956-57,ID_248
1956-57,ID_262
1956-57,ID_328
1956-57,ID_338
1956-57,ID_317
1956-57,ID_271
1956-57,ID_247
1956-57,ID_240
1956-57,ID_266
1962-63,ID_1051
1962-63,ID_1017
1962-63,ID_966
1962-63,ID_963
1962-63,ID_992
1962-63,ID_986
1962-63,ID_1061
1962-63,ID_1060
1962-63,ID_1003
1962-63,ID_944
1962-63,ID_1030
1962-63,ID_984
1962-63,ID_1024
1962-63,ID_993
1962-63,ID_1068
1962-63,ID_1000
1962-63,ID_958
1962-63,ID_1062
1962-63,ID_1016
1962-63,ID_959
1962-63,ID_946
1962-63,ID_1036
1962-63,ID_969
1962-63,ID_945
1962-63,ID_1047
1962-63,ID_949
1962-63,ID_1046
1962-63,ID_1064
1962-63,ID_989
1962-63,ID_1018
1962-63,ID_1043
1962-63,ID_942
1962-63,ID_1040
1962-63,ID_1031
1962-63,ID_1055
1962-63,ID_1065
1962-63,ID_952
1962-63,ID_1042
1962-63,ID_956
1962-63,ID_990
1962-63,ID_955
1962-63,ID_1037
1962-63,ID_1050
1962-63,ID_1008
1962-63,ID_1053
1962-63,ID_976
1962-63,ID_1013
1962-63,ID_941
1962-63,ID_1034
1962-63,ID_985
1962-63,ID_983
1962-63,ID_1033
1962-63,ID_1032
1962-63,ID_1041
1962-63,ID_967
1962-63,ID_1048
1962-63,ID_957
1962-63,ID_950
1962-63,ID_975
1962-63,ID_987
1962-63,ID_965
1962-63,ID_1005
1962-63,ID_996
1962-63,ID_954
1962-63,ID_1015
1962-63,ID_1057
1962-63,ID_982
1962-63,ID_998
1962-63,ID_1058
1962-63,ID_1035
1962-63,ID_1020
1962-63,ID_1052
1962-63,ID_979
1962-63,ID_1025
1962-63,ID_1028
1962-63,ID_1001
1962-63,ID_1069
1962-63,ID_991
1962-63,ID_997
1962-63,ID_1070
1962-63,ID_995
1962-63,ID_980
1962-63,ID_970
1962-63,ID_999
1962-63,ID_1039
1962-63,ID_972
1962-63,ID_988
1962-63,ID_1038
1962-63,ID_943
1962-63,ID_1011
1962-63,ID_940
1962-63,ID_961
1962-63,ID_947
1962-63,ID_1002
1962-63,ID_1045
1962-63,ID_951
1962-63,ID_1023
1962-63,ID_939
1962-63,ID_981
1962-63,ID_1021
1962-63,ID_1029
1962-63,ID_1012
1962-63,ID_948
1962-63,ID_1067
1962-63,ID_1007
1962-63,ID_960
1962-63,ID_1059
1962-63,ID_962
1962-63,ID_994
1962-63,ID_973
1962-63,ID_1004
1962-63,ID_1066
1962-63,ID_971
1962-63,ID_1056
1962-63,ID_977
1962-63,ID_1054
1962-63,ID_1026
1962-63,ID_1063
1962-63,ID_1006
1962-63,ID_1010
1962-63,ID_938
1962-63,ID_968
1962-63,ID_1009
1962-63,ID_1019
1962-63,ID_964
1964-65,ID_1336
1964-65,ID_1255
1964-65,ID_1252
1964-65,ID_1332
1964-65,ID_1317
1964-65,ID_1212
1964-65,ID_1318
1964-65,ID_1279
1964-65,ID_1213
1964-65,ID_1243
1964-65,ID_1285
1964-65,ID_1247
1964-65,ID_1320
1964-65,ID_1294
1964-65,ID_1217
1964-65,ID_1330
1964-65,ID_1245
1964-65,ID_1260
1964-65,ID_1257
1964-65,ID_1241
1964-65,ID_1313
1964-65,ID_1289
1964-65,ID_1215
1964-65,ID_1299
1964-65,ID_1297
1964-65,ID_1282
1964-65,ID_1238
1964-65,ID_1324
1964-65,ID_1295
1964-65,ID_1228
1964-65,ID_1224
1964-65,ID_1288
1964-65,ID_1322
1964-65,ID_1248
1964-65,ID_1239
1964-65,ID_1333
1964-65,ID_1311
1964-65,ID_1208
1964-65,ID_1268
1964-65,ID_1265
1964-65,ID_1269
1964-65,ID_1337
1964-65,ID_1263
1964-65,ID_1296
1964-65,ID_1222
1964-65,ID_1301
1964-65,ID_1206
1964-65,ID_1271
1964-65,ID_1329
1964-65,ID_1304
1964-65,ID_1335
1964-65,ID_1319
1964-65,ID_1325
1964-65,ID_1231
1964-65,ID_1310
1964-65,ID_1233
1964-65,ID_1227
1964-65,ID_1321
1964-65,ID_1287
1964-65,ID_1306
1964-65,ID_1262
1964-65,ID_1250
1964-65,ID_1253
1964-65,ID_1316
1964-65,ID_1221
1964-65,ID_1293
1964-65,ID_1207
1964-65,ID_1270
1964-65,ID_1276
1964-65,ID_1273
1964-65,ID_1302
1964-65,ID_1240
1964-65,ID_1272
1964-65,ID_1334
1964-65,ID_1210
1964-65,ID_1232
1964-65,ID_1307
1964-65,ID_1209
1964-65,ID_1251
1964-65,ID_1244
1964-65,ID_1236
1964-65,ID_1214
1964-65,ID_1326
1964-65,ID_1220
1964-65,ID_1267
1964-65,ID_1309
1964-65,ID_1258
1964-65,ID_1218
1964-65,ID_1216
1964-65,ID_1331
1964-65,ID_1305
1964-65,ID_1327
1964-65,ID_1246
1964-65,ID_1219
1964-65,ID_1277
1964-65,ID_1281
1964-65,ID_1259
1964-65,ID_1254
1964-65,ID_1235
1964-65,ID_1242
1964-65,ID_1286
1964-65,ID_1278
1964-65,ID_1230
1964-65,ID_1266
1964-65,ID_1274
1964-65,ID_1275
1964-65,ID_1314
1964-65,ID_1323
1964-65,ID_1256
1964-65,ID_1223
1964-65,ID_1249
1964-65,ID_1328
1964-65,ID_1284
1964-65,ID_1280
1964-65,ID_1292
1964-65,ID_1300
1964-65,ID_1229
1964-65,ID_1237
1964-65,ID_1308
1964-65,ID_1225
1964-65,ID_1291
1964-65,ID_1211
1964-65,ID_1312
1971-72,ID_2654
1971-72,ID_2624
1971-72,ID_2440
1971-72,ID_2646
1971-72,ID_2667
1971-72,ID_2539
1971-72,ID_2578
1971-72,ID_2659
1971-72,ID_2564
1971-72,ID_2567
1971-72,ID_2650
1971-72,ID_2570
1971-72,ID_2662
1971-72,ID_2641
1971-72,ID_2544
1971-72,ID_2685
1971-72,ID_2645
1971-72,ID_2674
1971-72,ID_2512
1971-72,ID_2575
1971-72,ID_2486
1971-72,ID_2441
1971-72,ID_2517
1971-72,ID_2606
1971-72,ID_2531
1971-72,ID_2608
1971-72,ID_2555
1971-72,ID_2643
1971-72,ID_2515
1971-72,ID_2651
1971-72,ID_2514
1971-72,ID_2522
1971-72,ID_2550
1971-72,ID_2492
1971-72,ID_2644
1971-72,ID_2545
1971-72,ID_2621
1971-72,ID_2446
1971-72,ID_2582
1971-72,ID_2489
1971-72,ID_2652
1971-72,ID_2657
1971-72,ID_2573
1971-72,ID_2464
1971-72,ID_2473
1971-72,ID_2463
1971-72,ID_2494
1971-72,ID_2695
1971-72,ID_2687
1971-72,ID_2472
1971-72,ID_2565
1971-72,ID_2629
1971-72,ID_2618
1971-72,ID_2593
1971-72,ID_2451
1971-72,ID_2605
1971-72,ID_2491
1971-72,ID_2443
1971-72,ID_2448
1971-72,ID_2610
1971-72,ID_2655
1971-72,ID_2499
1971-72,ID_2456
1971-72,ID_2553
1971-72,ID_2536
1971-72,ID_2585
1971-72,ID_2693
1971-72,ID_2580
1971-72,ID_2554
1971-72,ID_2609
1971-72,ID_2559
1971-72,ID_2435
1971-72,ID_2681
1971-72,ID_2498
1971-72,ID_2467
1971-72,ID_2574
1971-72,ID_2661
1971-72,ID_2511
1971-72,ID_2637
1971-72,ID_2664
1971-72,ID_2562
1971-72,ID_2633
1971-72,ID_2507
1971-72,ID_2525
1971-72,ID_2471
1971-72,ID_2484
1971-72,ID_2436
1971-72,ID_2591
1971-72,ID_2540
1971-72,ID_2690
1971-72,ID_2686
1971-72,ID_2480
1971-72,ID_2669
1971-72,ID_2469
1971-72,ID_2465
1971-72,ID_2694
1971-72,ID_2563
1971-72,ID_2639
1971-72,ID_2533
1971-72,ID_2682
1971-72,ID_2476
1971-72,ID_2583
1971-72,ID_2675
1971-72,ID_2603
1971-72,ID_2485
1971-72,ID_2625
1971-72,ID_2516
1971-72,ID_2672
1971-72,ID_2666
1971-72,ID_2477
1971-72,ID_2636
1971-72,ID_2607
1971-72,ID_2698
1971-72,ID_2505
1971-72,ID_2630
1971-72,ID_2482
1971-72,ID_2613
1971-72,ID_2599
1971-72,ID_2487
1971-72,ID_2466
1971-72,ID_2628
1971-72,ID_2635
1971-72,ID_2481
1971-72,ID_2592
1971-72,ID_2439
1971-72,ID_2623
1971-72,ID_2676
1971-72,ID_2501
1971-72,ID_2696
1971-72,ID_2631
1971-72,ID_2528
1971-72,ID_2560
1971-72,ID_2699
1971-72,ID_2552
1971-72,ID_2557
1971-72,ID_2504
1971-72,ID_2688
1971-72,ID_2614
1971-72,ID_2474
1971-72,ID_2510
1971-72,ID_2542
1971-72,ID_2519
1971-72,ID_2615
1971-72,ID_2660
1971-72,ID_2479
1971-72,ID_2496
1971-72,ID_2689
1971-72,ID_2475
1971-72,ID_2670
1971-72,ID_2568
1971-72,ID_2493
1971-72,ID_2521
1971-72,ID_2598
1971-72,ID_2679
1971-72,ID_2571
1971-72,ID_2518
1971-72,ID_2447
1971-72,ID_2530
1971-72,ID_2584
1971-72,ID_2648
1971-72,ID_2684
1971-72,ID_2589
1971-72,ID_2526
1971-72,ID_2596
1971-72,ID_2460
1971-72,ID_2671
1971-72,ID_2617
1971-72,ID_2665
1971-72,ID_2622
1971-72,ID_2457
1971-72,ID_2497
1971-72,ID_2490
1971-72,ID_2444
1971-72,ID_2452
1971-72,ID_2626
1971-72,ID_2529
1971-72,ID_2576
1971-72,ID_2454
1971-72,ID_2450
1971-72,ID_2527
1971-72,ID_2509
1971-72,ID_2449
1971-72,ID_2569
1971-72,ID_2632
1971-72,ID_2495
1971-72,ID_2638
1971-72,ID_2462
1971-72,ID_2478
1971-72,ID_2640
1971-72,ID_2658
1971-72,ID_2520
1971-72,ID_2548
1971-72,ID_2488
1971-72,ID_2647
1971-72,ID_2549
1971-72,ID_2458
1971-72,ID_2597
1971-72,ID_2590
1971-72,ID_2453
1971-72,ID_2619
1971-72,ID_2546
1971-72,ID_2566
1971-72,ID_2611
1971-72,ID_2656
1971-72,ID_2468
1971-72,ID_2616
1971-72,ID_2506
1971-72,ID_2445
1971-72,ID_2572
1971-72,ID_2581
1971-72,ID_2503
1971-72,ID_2588
1971-72,ID_2678
1971-72,ID_2513
1971-72,ID_2442
1971-72,ID_2601
1971-72,ID_2538
1971-72,ID_2537
1971-72,ID_2535
1971-72,ID_2691
1971-72,ID_2561
1971-72,ID_2602
1971-72,ID_2523
1971-72,ID_2595
1971-72,ID_2579
1971-72,ID_2438
1971-72,ID_2524
1971-72,ID_2459
1971-72,ID_2556
1971-72,ID_2673
1971-72,ID_2551
1971-72,ID_2587
1971-72,ID_2683
1971-72,ID_2500
1971-72,ID_2547
1971-72,ID_2594
1971-72,ID_2543
1971-72,ID_2508
1971-72,ID_2697
1971-72,ID_2532
1971-72,ID_2692
1973-74,ID_3045
1973-74,ID_3206
1973-74,ID_3021
1973-74,ID_3032
1973-74,ID_2973
1973-74,ID_3170
1973-74,ID_3109
1973-74,ID_3205
1973-74,ID_2993
1973-74,ID_2982
1973-74,ID_3031
1973-74,ID_2998
1973-74,ID_3108
1973-74,ID_3059
1973-74,ID_3124
1973-74,ID_3064
1973-74,ID_3099
1973-74,ID_3186
1973-74,ID_3101
1973-74,ID_2989
1973-74,ID_3156
1973-74,ID_3136
1973-74,ID_3053
1973-74,ID_3008
1973-74,ID_3073
1973-74,ID_2970
1973-74,ID_2995
1973-74,ID_3025
1973-74,ID_3104
1973-74,ID_3110
1973-74,ID_3187
1973-74,ID_3163
1973-74,ID_3183
1973-74,ID_3128
1973-74,ID_3213
1973-74,ID_3141
1973-74,ID_3166
1973-74,ID_3081
1973-74,ID_3094
1973-74,ID_3000
1973-74,ID_3027
1973-74,ID_3202
1973-74,ID_3010
1973-74,ID_2986
1973-74,ID_3007
1973-74,ID_3060
1973-74,ID_3189
1973-74,ID_3033
1973-74,ID_3190
1973-74,ID_3194
1973-74,ID_2979
1973-74,ID_3052
1973-74,ID_3069
1973-74,ID_3086
1973-74,ID_3019
1973-74,ID_3123
1973-74,ID_2984
1973-74,ID_2985
1973-74,ID_3175
1973-74,ID_3137
1973-74,ID_3138
1973-74,ID_3075
1973-74,ID_3145
1973-74,ID_3095
1973-74,ID_2977
1973-74,ID_3009
1973-74,ID_3079
1973-74,ID_3071
1973-74,ID_3117
1973-74,ID_2987
1973-74,ID_3024
1973-74,ID_3074
1973-74,ID_3116
1973-74,ID_3196
1973-74,ID_3139
1973-74,ID_3201
1973-74,ID_3134
1973-74,ID_3210
1973-74,ID_3026
1973-74,ID_3076
1973-74,ID_3090
1973-74,ID_3172
1973-74,ID_3167
1973-74,ID_3162
1973-74,ID_3050
1973-74,ID_3080
1973-74,ID_3055
1973-74,ID_3066
1973-74,ID_3102
1973-74,ID_3041
1973-74,ID_3051
1973-74,ID_3177
1973-74,ID_3082
1973-74,ID_3164
1973-74,ID_3149
1973-74,ID_3118
1973-74,ID_3018
1973-74,ID_3178
1973-74,ID_3143
1973-74,ID_3078
1973-74,ID_3012
1973-74,ID_3120
1973-74,ID_3155
1973-74,ID_3142
1973-74,ID_3103
1973-74,ID_3088
1973-74,ID_3039
1973-74,ID_3005
1973-74,ID_3098
1973-74,ID_3105
1973-74,ID_3017
1973-74,ID_3043
1973-74,ID_3174
1973-74,ID_3181
1973-74,ID_3119
1973-74,ID_3154
1973-74,ID_2988
1973-74,ID_3151
1973-74,ID_3133
1973-74,ID_3132
1973-74,ID_3150
1973-74,ID_3049
1973-74,ID_3180
1973-74,ID_3171
1973-74,ID_3157
1973-74,ID_3203
1973-74,ID_3112
1973-74,ID_3022
1973-74,ID_3036
1973-74,ID_3092
1973-74,ID_3129
1973-74,ID_3169
1973-74,ID_3107
1973-74,ID_3191
1973-74,ID_3014
1973-74,ID_3179
1973-74,ID_3198
1973-74,ID_2974
1973-74,ID_2999
1973-74,ID_3122
1973-74,ID_3011
1973-74,ID_3193
1973-74,ID_3003
1973-74,ID_3204
1973-74,ID_3165
1973-74,ID_3034
1973-74,ID_3209
1973-74,ID_2978
1973-74,ID_3046
1973-74,ID_2992
1973-74,ID_3068
1973-74,ID_2981
1973-74,ID_2996
1973-74,ID_3182
1973-74,ID_3001
1973-74,ID_3184
1973-74,ID_3083
1973-74,ID_3020
1973-74,ID_3200
1973-74,ID_3097
1973-74,ID_3199
1973-74,ID_3159
1973-74,ID_3176
1973-74,ID_3091
1973-74,ID_3147
1973-74,ID_3093
1973-74,ID_3126
1973-74,ID_3111
1973-74,ID_3089
1973-74,ID_2991
1973-74,ID_3144
1973-74,ID_2971
1973-74,ID_3061
1973-74,ID_3135
1973-74,ID_2972
1973-74,ID_3013
1973-74,ID_3115
1973-74,ID_3016
1973-74,ID_3006
1973-74,ID_2969
1973-74,ID_2980
1973-74,ID_3062
1973-74,ID_2997
1973-74,ID_3168
1973-74,ID_3023
1973-74,ID_3114
1973-74,ID_3113
1973-74,ID_2976
1973-74,ID_3085
1973-74,ID_3030
1973-74,ID_2975
1973-74,ID_3161
1973-74,ID_3028
1973-74,ID_3035
1973-74,ID_3160
1973-74,ID_3152
1973-74,ID_3029
1973-74,ID_3067
1973-74,ID_3077
1973-74,ID_3173
1973-74,ID_3146
1973-74,ID_3106
1973-74,ID_3131
1973-74,ID_3070
1973-74,ID_3040
1973-74,ID_3192
1973-74,ID_3208
1973-74,ID_2990
1973-74,ID_3087
1973-74,ID_3015
1973-74,ID_3047
1973-74,ID_3125
1973-74,ID_3096
1973-74,ID_3158
1973-74,ID_3140
1973-74,ID_3042
1973-74,ID_3038
1973-74,ID_3072
1973-74,ID_3212
1973-74,ID_3063
1973-74,ID_3054
1973-74,ID_3002
1973-74,ID_3127
1973-74,ID_3153
1973-74,ID_3004
1973-74,ID_3057
1973-74,ID_3207
1973-74,ID_2983
1973-74,ID_3195
1973-74,ID_3044
1973-74,ID_3130
1973-74,ID_3197
1973-74,ID_2994
1973-74,ID_3058
1980-81,ID_5434
1980-81,ID_5556
1980-81,ID_5400
1980-81,ID_5380
1980-81,ID_5382
1980-81,ID_5405
1980-81,ID_5309
1980-81,ID_5477
1980-81,ID_5523
1980-81,ID_5315
1980-81,ID_5318
1980-81,ID_5212
1980-81,ID_5517
1980-81,ID_5549
1980-81,ID_5337
1980-81,ID_5499
1980-81,ID_5301
1980-81,ID_5480
1980-81,ID_5270
1980-81,ID_5437
1980-81,ID_5228
1980-81,ID_5423
1980-81,ID_5457
1980-81,ID_5389
1980-81,ID_5440
1980-81,ID_5398
1980-81,ID_5208
1980-81,ID_5350
1980-81,ID_5323
1980-81,ID_5490
1980-81,ID_5285
1980-81,ID_5262
1980-81,ID_5317
1980-81,ID_5357
1980-81,ID_5558
1980-81,ID_5531
1980-81,ID_5299
1980-81,ID_5546
1980-81,ID_5241
1980-81,ID_5554
1980-81,ID_5231
1980-81,ID_5373
1980-81,ID_5476
1980-81,ID_5473
1980-81,ID_5544
1980-81,ID_5395
1980-81,ID_5348
1980-81,ID_5273
1980-81,ID_5221
1980-81,ID_5376
1980-81,ID_5250
1980-81,ID_5451
1980-81,ID_5545
1980-81,ID_5513
1980-81,ID_5303
1980-81,ID_5276
1980-81,ID_5211
1980-81,ID_5540
1980-81,ID_5220
1980-81,ID_5239
1980-81,ID_5548
1980-81,ID_5202
1980-81,ID_5478
1980-81,ID_5409
1980-81,ID_5265
1980-81,ID_5520
1980-81,ID_5542
1980-81,ID_5347
1980-81,ID_5329
1980-81,ID_5541
1980-81,ID_5383
1980-81,ID_5284
1980-81,ID_5363
1980-81,ID_5475
1980-81,ID_5308
1980-81,ID_5467
1980-81,ID_5508
1980-81,ID_5254
1980-81,ID_5290
1980-81,ID_5275
1980-81,ID_5233
1980-81,ID_5447
1980-81,ID_5217
1980-81,ID_5418
1980-81,ID_5345
1980-81,ID_5381
1980-81,ID_5472
1980-81,ID_5214
1980-81,ID_5255
1980-81,ID_5216
1980-81,ID_5257
1980-81,ID_5227
1980-81,ID_5471
1980-81,ID_5264
1980-81,ID_5433
1980-81,ID_5506
1980-81,ID_5496
1980-81,ID_5274
1980-81,ID_5362
1980-81,ID_5465
1980-81,ID_5419
1980-81,ID_5291
1980-81,ID_5420
1980-81,ID_5387
1980-81,ID_5338
1980-81,ID_5213
1980-81,ID_5334
1980-81,ID_5320
1980-81,ID_5427
1980-81,ID_5368
1980-81,ID_5259
1980-81,ID_5479
1980-81,ID_5443
1980-81,ID_5402
1980-81,ID_5253
1980-81,ID_5344
1980-81,ID_5507
1980-81,ID_5366
1980-81,ID_5463
1980-81,ID_5260
1980-81,ID_5466
1980-81,ID_5527
1980-81,ID_5268
1980-81,ID_5283
1980-81,ID_5403
1980-81,ID_5305
1980-81,ID_5295
1980-81,ID_5375
1980-81,ID_5246
1980-81,ID_5244
1980-81,ID_5224
1980-81,ID_5339
1980-81,ID_5331
1980-81,ID_5232
1980-81,ID_5325
1980-81,ID_5326
1980-81,ID_5240
1980-81,ID_5289
1980-81,ID_5500
1980-81,ID_5394
1980-81,ID_5279
1980-81,ID_5200
1980-81,ID_5229
1980-81,ID_5203
1980-81,ID_5307
1980-81,ID_5272
1980-81,ID_5223
1980-81,ID_5210
1980-81,ID_5385
1980-81,ID_5278
1980-81,ID_5422
1980-81,ID_5497
1980-81,ID_5277
1980-81,ID_5415
1980-81,ID_5269
1980-81,ID_5535
1980-81,ID_5360
1980-81,ID_5199
1980-81,ID_5288
1980-81,ID_5553
1980-81,ID_5426
1980-81,ID_5442
1980-81,ID_5327
1980-81,ID_5488
1980-81,ID_5281
1980-81,ID_5372
1980-81,ID_5271
1980-81,ID_5514
1980-81,ID_5196
1980-81,ID_5518
1980-81,ID_5509
1980-81,ID_5346
1980-81,ID_5399
1980-81,ID_5533
1980-81,ID_5245
1980-81,ID_5252
1980-81,ID_5359
1980-81,ID_5429
1980-81,ID_5342
1980-81,ID_5247
1980-81,ID_5330
1980-81,ID_5436
1980-81,ID_5431
1980-81,ID_5201
1980-81,ID_5392
1980-81,ID_5236
1980-81,ID_5370
1980-81,ID_5304
1980-81,ID_5396
1980-81,ID_5263
1980-81,ID_5324
1980-81,ID_5452
1980-81,ID_5438
1980-81,ID_5225
1980-81,ID_5352
1980-81,ID_5441
1980-81,ID_5408
1980-81,ID_5207
1980-81,ID_5538
1980-81,ID_5364
1980-81,ID_5335
1980-81,ID_5397
1980-81,ID_5316
1980-81,ID_5332
1980-81,ID_5526
1980-81,ID_5414
1980-81,ID_5530
1980-81,ID_5407
1980-81,ID_5502
1980-81,ID_5453
1980-81,ID_5238
1980-81,ID_5454
1980-81,ID_5412
1980-81,ID_5469
1980-81,ID_5267
1980-81,ID_5470
1980-81,ID_5358
1980-81,ID_5528
1980-81,ID_5336
1980-81,ID_5421
1980-81,ID_5209
1980-81,ID_5482
1980-81,ID_5445
1980-81,ID_5393
1980-81,ID_5532
1980-81,ID_5312
1980-81,ID_5537
1980-81,ID_5230
1980-81,ID_5428
1980-81,ID_5534
1980-81,ID_5311
1980-81,ID_5287
1980-81,ID_5493
1980-81,ID_5515
1980-81,ID_5462
1980-81,ID_5494
1980-81,ID_5446
1980-81,ID_5521
1980-81,ID_5256
1980-81,ID_5243
1980-81,ID_5354
1980-81,ID_5483
1980-81,ID_5205
1980-81,ID_5510
1980-81,ID_5486
1980-81,ID_5306
1980-81,ID_5489
1980-81,ID_5292
1980-81,ID_5296
1980-81,ID_5511
1980-81,ID_5310
1980-81,ID_5294
1980-81,ID_5456
1980-81,ID_5503
1980-81,ID_5492
1980-81,ID_5353
1980-81,ID_5361
1980-81,ID_5300
1980-81,ID_5487
1980-81,ID_5555
1980-81,ID_5321
1980-81,ID_5448
1980-81,ID_5495
1980-81,ID_5512
1980-81,ID_5435
1980-81,ID_5218
1980-81,ID_5204
1980-81,ID_5552
1980-81,ID_5226
1980-81,ID_5458
1980-81,ID_5390
1980-81,ID_5411
1980-81,ID_5425
1980-81,ID_5261
1980-81,ID_5319
1980-81,ID_5371
1980-81,ID_5525
1980-81,ID_5516
1980-81,ID_5222
1980-81,ID_5365
1980-81,ID_5379
1980-81,ID_5386
1980-81,ID_5248
1980-81,ID_5234
1980-81,ID_5282
1980-81,ID_5313
1980-81,ID_5524
1980-81,ID_5439
1980-81,ID_5314
1980-81,ID_5401
1980-81,ID_5519
1980-81,ID_5557
1980-81,ID_5413
1980-81,ID_5455
1980-81,ID_5286
1980-81,ID_5417
1980-81,ID_5491
1980-81,ID_5543
1980-81,ID_5341
1980-81,ID_5215
1980-81,ID_5449
1980-81,ID_5367
1980-81,ID_5501
1980-81,ID_5460
1980-81,ID_5459
1980-81,ID_5328
1980-81,ID_5198
1980-81,ID_5297
1980-81,ID_5377
1980-81,ID_5351
1980-81,ID_5550
1980-81,ID_5504
1980-81,ID_5206
1980-81,ID_5485
1980-81,ID_5450
1980-81,ID_5522
1980-81,ID_5468
1980-81,ID_5237
1980-81,ID_5432
1980-81,ID_5547
1980-81,ID_5293
1980-81,ID_5464
1980-81,ID_5251
1980-81,ID_5349
1980-81,ID_5242
1980-81,ID_5356
1980-81,ID_5474
1980-81,ID_5384
1980-81,ID_5551
1980-81,ID_5388
1980-81,ID_5505
1980-81,ID_5374
1980-81,ID_5406
1980-81,ID_5258
1984-85,ID_6936
1984-85,ID_6797
1984-85,ID_6983
1984-85,ID_6690
1984-85,ID_7021
1984-85,ID_6776
1984-85,ID_6959
1984-85,ID_7015
1984-85,ID_6833
1984-85,ID_6906
1984-85,ID_6979
1984-85,ID_6916
1984-85,ID_6917
1984-85,ID_6861
1984-85,ID_6949
1984-85,ID_6915
1984-85,ID_6809
1984-85,ID_6931
1984-85,ID_6698
1984-85,ID_6976
1984-85,ID_6763
1984-85,ID_6692
1984-85,ID_6857
1984-85,ID_6982
1984-85,ID_6892
1984-85,ID_6862
1984-85,ID_6679
1984-85,ID_6943
1984-85,ID_6685
1984-85,ID_6956
1984-85,ID_6853
1984-85,ID_6729
1984-85,ID_6864
1984-85,ID_6681
1984-85,ID_6830
1984-85,ID_6666
1984-85,ID_6694
1984-85,ID_6851
1984-85,ID_6957
1984-85,ID_6879
1984-85,ID_6732
1984-85,ID_6804
1984-85,ID_6787
1984-85,ID_7025
1984-85,ID_6928
1984-85,ID_6952
1984-85,ID_6716
1984-85,ID_6799
1984-85,ID_6674
1984-85,ID_6750
1984-85,ID_6718
1984-85,ID_6975
1984-85,ID_6989
1984-85,ID_6944
1984-85,ID_6673
1984-85,ID_6996
1984-85,ID_6724
1984-85,ID_6779
1984-85,ID_6886
1984-85,ID_6771
1984-85,ID_6682
1984-85,ID_6948
1984-85,ID_6733
1984-85,ID_6738
1984-85,ID_6670
1984-85,ID_7001
1984-85,ID_6880
1984-85,ID_6764
1984-85,ID_6877
1984-85,ID_6678
1984-85,ID_6924
1984-85,ID_6823
1984-85,ID_6942
1984-85,ID_6842
1984-85,ID_6709
1984-85,ID_6985
1984-85,ID_6852
1984-85,ID_6737
1984-85,ID_6671
1984-85,ID_6887
1984-85,ID_6930
1984-85,ID_6725
1984-85,ID_6684
1984-85,ID_6914
1984-85,ID_6977
1984-85,ID_6919
1984-85,ID_6893
1984-85,ID_7009
1984-85,ID_6854
1984-85,ID_6699
1984-85,ID_6984
1984-85,ID_6895
1984-85,ID_6905
1984-85,ID_6855
1984-85,ID_6831
1984-85,ID_6875
1984-85,ID_6734
1984-85,ID_6820
1984-85,ID_6712
1984-85,ID_6840
1984-85,ID_6828
1984-85,ID_6815
1984-85,ID_6777
1984-85,ID_6676
1984-85,ID_6961
1984-85,ID_7018
1984-85,ID_6962
1984-85,ID_6761
1984-85,ID_6935
1984-85,ID_6748
1984-85,ID_6765
1984-85,ID_6872
1984-85,ID_6836
1984-85,ID_6882
1984-85,ID_6958
1984-85,ID_7020
1984-85,ID_6981
1984-85,ID_6780
1984-85,ID_6775
1984-85,ID_6966
1984-85,ID_6783
1984-85,ID_6695
1984-85,ID_6941
1984-85,ID_6803
1984-85,ID_6790
1984-85,ID_6806
1984-85,ID_6922
1984-85,ID_6901
1984-85,ID_6721
1984-85,ID_6995
1984-85,ID_6971
1984-85,ID_6970
1984-85,ID_6786
1984-85,ID_6963
1984-85,ID_6706
1984-85,ID_7002
1984-85,ID_6819
1984-85,ID_6876
1984-85,ID_6894
1984-85,ID_6805
1984-85,ID_6988
1984-85,ID_6672
1984-85,ID_6713
1984-85,ID_6965
1984-85,ID_6687
1984-85,ID_6822
1984-85,ID_6700
1984-85,ID_6719
1984-85,ID_6667
1984-85,ID_6762
1984-85,ID_6932
1984-85,ID_6768
1984-85,ID_6878
1984-85,ID_6991
1984-85,ID_6891
1984-85,ID_6789
1984-85,ID_6759
1984-85,ID_6868
1984-85,ID_6927
1984-85,ID_6834
1984-85,ID_6934
1984-85,ID_6795
1984-85,ID_6947
1984-85,ID_6677
1984-85,ID_6904
1984-85,ID_6807
1984-85,ID_6702
1984-85,ID_6767
1984-85,ID_6735
1984-85,ID_6968
1984-85,ID_6940
1984-85,ID_6800
1984-85,ID_6950
1984-85,ID_6898
1984-85,ID_6896
1984-85,ID_6860
1984-85,ID_6911
1984-85,ID_6841
1984-85,ID_6902
1984-85,ID_6973
1984-85,ID_6825
1984-85,ID_6845
1984-85,ID_6912
1984-85,ID_6745
1984-85,ID_6693
1984-85,ID_6865
1984-85,ID_6987
1984-85,ID_6751
1984-85,ID_6714
1984-85,ID_6925
1984-85,ID_6993
1984-85,ID_6817
1984-85,ID_6675
1984-85,ID_6849
1984-85,ID_6938
1984-85,ID_6974
1984-85,ID_7017
1984-85,ID_7012
1984-85,ID_6697
1984-85,ID_6910
1984-85,ID_6741
1984-85,ID_6726
1984-85,ID_6701
1984-85,ID_6747
1984-85,ID_6742
1984-85,ID_6843
1984-85,ID_6980
1984-85,ID_6920
1984-85,ID_7019
1984-85,ID_6749
1984-85,ID_6744
1984-85,ID_6802
1984-85,ID_7024
1984-85,ID_6688
1984-85,ID_6951
1984-85,ID_7003
1984-85,ID_6856
1984-85,ID_7008
1984-85,ID_6838
1984-85,ID_6791
1984-85,ID_6683
1984-85,ID_7013
1984-85,ID_6873
1984-85,ID_6890
1984-85,ID_6923
1984-85,ID_7014
1984-85,ID_6999
1984-85,ID_6715
1984-85,ID_6954
1984-85,ID_6773
1984-85,ID_6829
1984-85,ID_6723
1984-85,ID_6705
1984-85,ID_6888
1984-85,ID_6757
1984-85,ID_6978
1984-85,ID_7023
1984-85,ID_7005
1984-85,ID_6801
1984-85,ID_6946
1984-85,ID_6939
1984-85,ID_6782
1984-85,ID_7027
1984-85,ID_6994
1984-85,ID_6900
1984-85,ID_6813
1984-85,ID_6740
1984-85,ID_6756
1984-85,ID_6758
1984-85,ID_6727
1984-85,ID_6711
1984-85,ID_6785
1984-85,ID_6704
1984-85,ID_6696
1984-85,ID_7022
1984-85,ID_6870
1984-85,ID_6863
1984-85,ID_6668
1984-85,ID_6680
1984-85,ID_6710
1984-85,ID_7026
1984-85,ID_6953
1984-85,ID_6889
1984-85,ID_6986
1984-85,ID_6728
1984-85,ID_6884
1984-85,ID_6796
1984-85,ID_6844
1984-85,ID_6826
1984-85,ID_6722
1984-85,ID_6811
1984-85,ID_6730
1984-85,ID_6839
1984-85,ID_6798
1984-85,ID_6755
1984-85,ID_7011
1984-85,ID_6778
1984-85,ID_6816
1984-85,ID_6885
1984-85,ID_6774
1984-85,ID_6754
1984-85,ID_6866
1984-85,ID_6753
1984-85,ID_6821
1984-85,ID_6766
1984-85,ID_6686
1984-85,ID_6769
1984-85,ID_6703
1984-85,ID_6874
1984-85,ID_6827
1984-85,ID_6964
1984-85,ID_6972
1984-85,ID_6899
1984-85,ID_6812
1984-85,ID_6848
1984-85,ID_6835
1984-85,ID_6772
1984-85,ID_6909
1984-85,ID_6793
1984-85,ID_6897
1984-85,ID_6967
1984-85,ID_6883
1984-85,ID_7000
1984-85,ID_7007
1984-85,ID_6770
1984-85,ID_6847
1984-85,ID_6792
1984-85,ID_6788
1984-85,ID_6784
1984-85,ID_6837
1984-85,ID_6945
1984-85,ID_6743
1984-85,ID_6929
1984-85,ID_6824
1984-85,ID_6760
1984-85,ID_6746
1984-85,ID_6937
1984-85,ID_6926
1984-85,ID_6808
1984-85,ID_6707
1984-85,ID_6933
1984-85,ID_6739
1984-85,ID_6869
1984-85,ID_6720
1984-85,ID_6781
1984-85,ID_6850
1984-85,ID_6918
1984-85,ID_6997
1984-85,ID_6810
1984-85,ID_6858
1984-85,ID_7010
1984-85,ID_6736
1984-85,ID_6903
1984-85,ID_6998
1984-85,ID_6908
1984-85,ID_6907
1984-85,ID_6708
1984-85,ID_7006
1984-85,ID_6691
1984-85,ID_6990
1984-85,ID_6859
1984-85,ID_6669
1998-99,ID_13278
1998-99,ID_13273
1998-99,ID_13453
1998-99,ID_13222
1998-99,ID_13120
1998-99,ID_13398
1998-99,ID_13382
1998-99,ID_13339
1998-99,ID_13145
1998-99,ID_13175
1998-99,ID_13232
1998-99,ID_13442
1998-99,ID_13439
1998-99,ID_13434
1998-99,ID_13292
1998-99,ID_13444
1998-99,ID_13059
1998-99,ID_13313
1998-99,ID_13140
1998-99,ID_13167
1998-99,ID_13248
1998-99,ID_13293
1998-99,ID_13338
1998-99,ID_13155
1998-99,ID_13250
1998-99,ID_13515
1998-99,ID_13440
1998-99,ID_13547
1998-99,ID_13086
1998-99,ID_13470
1998-99,ID_13331
1998-99,ID_13496
1998-99,ID_13360
1998-99,ID_13111
1998-99,ID_13092
1998-99,ID_13539
1998-99,ID_13096
1998-99,ID_13091
1998-99,ID_13149
1998-99,ID_13203
1998-99,ID_13441
1998-99,ID_13219
1998-99,ID_13166
1998-99,ID_13353
1998-99,ID_13561
1998-99,ID_13098
1998-99,ID_13089
1998-99,ID_13282
1998-99,ID_13262
1998-99,ID_13486
1998-99,ID_13218
1998-99,ID_13204
1998-99,ID_13342
1998-99,ID_13296
1998-99,ID_13136
1998-99,ID_13056
1998-99,ID_13161
1998-99,ID_13326
1998-99,ID_13307
1998-99,ID_13128
1998-99,ID_13384
1998-99,ID_13387
1998-99,ID_13511
1998-99,ID_13115
1998-99,ID_13208
1998-99,ID_13529
1998-99,ID_13304
1998-99,ID_13102
1998-99,ID_13311
1998-99,ID_13257
1998-99,ID_13240
1998-99,ID_13551
1998-99,ID_13210
1998-99,ID_13107
1998-99,ID_13291
1998-99,ID_13368
1998-99,ID_13236
1998-99,ID_13142
1998-99,ID_13245
1998-99,ID_13269
1998-99,ID_13501
1998-99,ID_13126
1998-99,ID_13193
1998-99,ID_13476
1998-99,ID_13354
1998-99,ID_13082
1998-99,ID_13261
1998-99,ID_13280
1998-99,ID_13401
1998-99,ID_13456
1998-99,ID_13524
1998-99,ID_13274
1998-99,ID_13528
1998-99,ID_13254
1998-99,ID_13221
1998-99,ID_13497
1998-99,ID_13227
1998-99,ID_13188
1998-99,ID_13554
1998-99,ID_13190
1998-99,ID_13484
1998-99,ID_13523
1998-99,ID_13350
1998-99,ID_13321
1998-99,ID_13130
1998-99,ID_13231
1998-99,ID_13425
1998-99,ID_13478
1998-99,ID_13233
1998-99,ID_13405
1998-99,ID_13335
1998-99,ID_13556
1998-99,ID_13122
1998-99,ID_13268
1998-99,ID_13406
1998-99,ID_13205
1998-99,ID_13316
1998-99,ID_13072
1998-99,ID_13060
1998-99,ID_13542
1998-99,ID_13078
1998-99,ID_13418
1998-99,ID_13266
1998-99,ID_13315
1998-99,ID_13312
1998-99,ID_13483
1998-99,ID_13121
1998-99,ID_13534
1998-99,ID_13065
1998-99,ID_13109
1998-99,ID_13474
1998-99,ID_13103
1998-99,ID_13452
1998-99,ID_13347
1998-99,ID_13459
1998-99,ID_13079
1998-99,ID_13436
1998-99,ID_13381
1998-99,ID_13125
1998-99,ID_13289
1998-99,ID_13156
1998-99,ID_13443
1998-99,ID_13419
1998-99,ID_13423
1998-99,ID_13069
1998-99,ID_13421
1998-99,ID_13195
1998-99,ID_13403
1998-99,ID_13323
1998-99,ID_13460
1998-99,ID_13170
1998-99,ID_13305
1998-99,ID_13415
1998-99,ID_13317
1998-99,ID_13396
1998-99,ID_13513
1998-99,ID_13560
1998-99,ID_13226
1998-99,ID_13319
1998-99,ID_13180
1998-99,ID_13154
1998-99,ID_13450
1998-99,ID_13413
1998-99,ID_13544
1998-99,ID_13516
1998-99,ID_13294
1998-99,ID_13083
1998-99,ID_13131
1998-99,ID_13445
1998-99,ID_13076
1998-99,ID_13471
1998-99,ID_13179
1998-99,ID_13271
1998-99,ID_13104
1998-99,ID_13482
1998-99,ID_13310
1998-99,ID_13276
1998-99,ID_13318
1998-99,ID_13414
1998-99,ID_13473
1998-99,ID_13116
1998-99,ID_13508
1998-99,ID_13055
1998-99,ID_13344
1998-99,ID_13097
1998-99,ID_13198
1998-99,ID_13538
1998-99,ID_13270
1998-99,ID_13458
1998-99,ID_13402
1998-99,ID_13114
1998-99,ID_13427
1998-99,ID_13355
1998-99,ID_13352
1998-99,ID_13279
1998-99,ID_13536
1998-99,ID_13472
1998-99,ID_13187
1998-99,ID_13207
1998-99,ID_13080
1998-99,ID_13349
1998-99,ID_13297
1998-99,ID_13158
1998-99,ID_13229
1998-99,ID_13373
1998-99,ID_13430
1998-99,ID_13448
1998-99,ID_13249
1998-99,ID_13100
1998-99,ID_13238
1998-99,ID_13464
1998-99,ID_13394
1998-99,ID_13206
1998-99,ID_13535
1998-99,ID_13286
1998-99,ID_13399
1998-99,ID_13087
1998-99,ID_13429
1998-99,ID_13216
1998-99,ID_13386
1998-99,ID_13112
1998-99,ID_13412
1998-99,ID_13480
1998-99,ID_13110
1998-99,ID_13498
1998-99,ID_13244
1998-99,ID_13461
1998-99,ID_13543
1998-99,ID_13545
1998-99,ID_13526
1998-99,ID_13108
1998-99,ID_13504
1998-99,ID_13239
1998-99,ID_13242
1998-99,ID_13525
1998-99,ID_13283
1998-99,ID_13346
1998-99,ID_13379
1998-99,ID_13367
1998-99,ID_13074
1998-99,ID_13134
1998-99,ID_13512
1998-99,ID_13061
1998-99,ID_13214
1998-99,ID_13507
1998-99,ID_13138
1998-99,ID_13537
1998-99,ID_13400
1998-99,ID_13555
1998-99,ID_13488
1998-99,ID_13380
1998-99,ID_13361
1998-99,ID_13328
1998-99,ID_13185
1998-99,ID_13106
1998-99,ID_13327
1998-99,ID_13550
1998-99,ID_13234
1998-99,ID_13369
1998-99,ID_13159
1998-99,ID_13284
1998-99,ID_13407
1998-99,ID_13490
1998-99,ID_13336
1998-99,ID_13495
1998-99,ID_13411
1998-99,ID_13224
1998-99,ID_13252
1998-99,ID_13314
1998-99,ID_13067
1998-99,ID_13527
1998-99,ID_13325
1998-99,ID_13172
1998-99,ID_13559
1998-99,ID_13235
1998-99,ID_13212
1998-99,ID_13487
1998-99,ID_13117
1998-99,ID_13432
1998-99,ID_13374
1998-99,ID_13309
1998-99,ID_13337
1998-99,ID_13215
1998-99,ID_13199
1998-99,ID_13343
1998-99,ID_13258
1998-99,ID_13341
1998-99,ID_13113
1998-99,ID_13518
1998-99,ID_13340
1998-99,ID_13465
1998-99,ID_13301
1998-99,ID_13088
1998-99,ID_13237
1998-99,ID_13437
1998-99,ID_13426
1998-99,ID_13358
1998-99,ID_13071
1998-99,ID_13182
1998-99,ID_13519
1998-99,ID_13256
1998-99,ID_13451
1998-99,ID_13186
1998-99,ID_13184
1998-99,ID_13388
1998-99,ID_13148
1998-99,ID_13329
1998-99,ID_13211
1998-99,ID_13135
1998-99,ID_13220
1998-99,ID_13467
1998-99,ID_13272
1998-99,ID_13514
1998-99,ID_13139
1998-99,ID_13064
1998-99,ID_13201
1998-99,ID_13160
1998-99,ID_13371
1998-99,ID_13416
1998-99,ID_13372
1998-99,ID_13552
1998-99,ID_13438
1998-99,ID_13070
1998-99,ID_13433
1998-99,ID_13499
1998-99,ID_13152
1998-99,ID_13446
1998-99,ID_13475
1998-99,ID_13299
1998-99,ID_13189
1998-99,ID_13391
1998-99,ID_13509
1998-99,ID_13383
1998-99,ID_13522
1998-99,ID_13300
1998-99,ID_13163
1998-99,ID_13364
1998-99,ID_13510
1998-99,ID_13492
1998-99,ID_13119
1998-99,ID_13143
1998-99,ID_13505
1998-99,ID_13058
1998-99,ID_13073
1998-99,ID_13397
1998-99,ID_13177
1998-99,ID_13063
1998-99,ID_13530
1998-99,ID_13365
1998-99,ID_13209
1998-99,ID_13241
1998-99,ID_13404
1998-99,ID_13308
1998-99,ID_13164
1998-99,ID_13150
1998-99,ID_13146
1998-99,ID_13295
1998-99,ID_13068
1998-99,ID_13541
1998-99,ID_13275
1998-99,ID_13393
1998-99,ID_13506
1998-99,ID_13057
1998-99,ID_13169
1998-99,ID_13392
1998-99,ID_13225
1998-99,ID_13124
1998-99,ID_13546
1998-99,ID_13081
1998-99,ID_13370
1998-99,ID_13549
1998-99,ID_13531
1998-99,ID_13144
1998-99,ID_13479
1998-99,ID_13263
1998-99,ID_13324
1998-99,ID_13449
1998-99,ID_13129
1998-99,ID_13090
1998-99,ID_13363
1998-99,ID_13533
1998-99,ID_13192
1998-99,ID_13264
1998-99,ID_13385
1998-99,ID_13351
1998-99,ID_13345
1998-99,ID_13320
1998-99,ID_13302
1998-99,ID_13468
1998-99,ID_13424
1998-99,ID_13181
1998-99,ID_13178
1998-99,ID_13290
1998-99,ID_13243
1998-99,ID_13532
1998-99,ID_13408
1998-99,ID_13330
1998-99,ID_13165
1998-99,ID_13183
1998-99,ID_13362
1998-99,ID_13168
1998-99,ID_13151
1998-99,ID_13377
1998-99,ID_13333
1998-99,ID_13133
1998-99,ID_13099
1998-99,ID_13455
1998-99,ID_13197
1998-99,ID_13298
1998-99,ID_13502
1998-99,ID_13481
1998-99,ID_13118
1998-99,ID_13247
1998-99,ID_13521
1998-99,ID_13171
1998-99,ID_13417
1998-99,ID_13493
1998-99,ID_13359
1998-99,ID_13469
1998-99,ID_13454
1998-99,ID_13077
1998-99,ID_13558
1998-99,ID_13202
1998-99,ID_13428
1998-99,ID_13557
1998-99,ID_13376
1998-99,ID_13281
1998-99,ID_13230
1998-99,ID_13553
1998-99,ID_13246
1998-99,ID_13366
1998-99,ID_13485
1998-99,ID_13075
1998-99,ID_13213
1998-99,ID_13540
1998-99,ID_13457
1998-99,ID_13095
1998-99,ID_13494
1998-99,ID_13357
1998-99,ID_13410
1998-99,ID_13463
1998-99,ID_13303
1998-99,ID_13260
1998-99,ID_13223
1998-99,ID_13517
1998-99,ID_13500
1998-99,ID_13334
1998-99,ID_13489
1998-99,ID_13085
1998-99,ID_13265
1998-99,ID_13477
1998-99,ID_13147
1998-99,ID_13420
1998-99,ID_13520
1998-99,ID_13141
1998-99,ID_13348
1998-99,ID_13174
1998-99,ID_13253
1998-99,ID_13277
1998-99,ID_13194
1998-99,ID_13093
1998-99,ID_13062
1998-99,ID_13466
1998-99,ID_13375
1998-99,ID_13356
1998-99,ID_13137
1998-99,ID_13390
1998-99,ID_13491
1998-99,ID_13267
1998-99,ID_13378
1998-99,ID_13287
1998-99,ID_13306
1998-99,ID_13191
1998-99,ID_13162
1999-00,ID_13731
1999-00,ID_13985
1999-00,ID_13797
1999-00,ID_13859
1999-00,ID_13573
1999-00,ID_13737
1999-00,ID_13672
1999-00,ID_13742
1999-00,ID_13807
1999-00,ID_13763
1999-00,ID_13834
1999-00,ID_13745
1999-00,ID_13927
1999-00,ID_13873
1999-00,ID_14028
1999-00,ID_13717
1999-00,ID_13965
1999-00,ID_13827
1999-00,ID_14016
1999-00,ID_13788
1999-00,ID_13635
1999-00,ID_13674
1999-00,ID_13801
1999-00,ID_13564
1999-00,ID_13572
1999-00,ID_13620
1999-00,ID_13875
1999-00,ID_13803
1999-00,ID_13876
1999-00,ID_13744
1999-00,ID_13647
1999-00,ID_13925
1999-00,ID_14027
1999-00,ID_13890
1999-00,ID_13809
1999-00,ID_13624
1999-00,ID_14023
1999-00,ID_13766
1999-00,ID_13649
1999-00,ID_13627
1999-00,ID_13571
1999-00,ID_13816
1999-00,ID_13594
1999-00,ID_13655
1999-00,ID_13703
1999-00,ID_13669
1999-00,ID_13747
1999-00,ID_13716
1999-00,ID_13850
1999-00,ID_13639
1999-00,ID_13964
1999-00,ID_13756
1999-00,ID_13576
1999-00,ID_13789
1999-00,ID_13974
1999-00,ID_13791
1999-00,ID_13892
1999-00,ID_14020
1999-00,ID_14012
1999-00,ID_13942
1999-00,ID_13657
1999-00,ID_13741
1999-00,ID_13871
1999-00,ID_13732
1999-00,ID_13786
1999-00,ID_13575
1999-00,ID_13884
1999-00,ID_13824
1999-00,ID_13722
1999-00,ID_13629
1999-00,ID_13666
1999-00,ID_13941
1999-00,ID_13955
1999-00,ID_13723
1999-00,ID_13599
1999-00,ID_13973
1999-00,ID_13889
1999-00,ID_13840
1999-00,ID_13885
1999-00,ID_14029
1999-00,ID_13792
1999-00,ID_13858
1999-00,ID_13832
1999-00,ID_13648
1999-00,ID_14044
1999-00,ID_13616
1999-00,ID_13838
1999-00,ID_13754
1999-00,ID_13912
1999-00,ID_14025
1999-00,ID_14008
1999-00,ID_13692
1999-00,ID_14030
1999-00,ID_13748
1999-00,ID_13821
1999-00,ID_13837
1999-00,ID_13637
1999-00,ID_13826
1999-00,ID_13773
1999-00,ID_13888
1999-00,ID_13921
1999-00,ID_13598
1999-00,ID_13570
1999-00,ID_13611
1999-00,ID_13845
1999-00,ID_14055
1999-00,ID_13856
1999-00,ID_14019
1999-00,ID_14046
1999-00,ID_13900
1999-00,ID_13853
1999-00,ID_13949
1999-00,ID_13830
1999-00,ID_13768
1999-00,ID_13959
1999-00,ID_13656
1999-00,ID_13795
1999-00,ID_13880
1999-00,ID_13869
1999-00,ID_13709
1999-00,ID_13771
1999-00,ID_13617
1999-00,ID_13777
1999-00,ID_13752
1999-00,ID_13894
1999-00,ID_13604
1999-00,ID_13813
1999-00,ID_13702
1999-00,ID_13937
1999-00,ID_13708
1999-00,ID_13953
1999-00,ID_13698
1999-00,ID_13989
1999-00,ID_13936
1999-00,ID_13580
1999-00,ID_13612
1999-00,ID_13645
1999-00,ID_13796
1999-00,ID_14043
1999-00,ID_14042
1999-00,ID_13658
1999-00,ID_13915
1999-00,ID_13579
1999-00,ID_13563
1999-00,ID_13757
1999-00,ID_13815
1999-00,ID_14001
1999-00,ID_13760
1999-00,ID_13984
1999-00,ID_13924
1999-00,ID_13943
1999-00,ID_13908
1999-00,ID_13983
1999-00,ID_13972
1999-00,ID_13961
1999-00,ID_14009
1999-00,ID_13755
1999-00,ID_13661
1999-00,ID_13671
1999-00,ID_13606
1999-00,ID_14054
1999-00,ID_13711
1999-00,ID_13628
1999-00,ID_13780
1999-00,ID_13996
1999-00,ID_14017
1999-00,ID_13997
1999-00,ID_13976
1999-00,ID_13676
1999-00,ID_13785
1999-00,ID_14036
1999-00,ID_13623
1999-00,ID_13979
1999-00,ID_13706
1999-00,ID_13877
1999-00,ID_14032
1999-00,ID_13707
1999-00,ID_13597
1999-00,ID_13746
1999-00,ID_13818
1999-00,ID_13569
1999-00,ID_13793
1999-00,ID_13879
1999-00,ID_13854
1999-00,ID_13886
1999-00,ID_13839
1999-00,ID_13857
1999-00,ID_13695
1999-00,ID_13693
1999-00,ID_13874
1999-00,ID_13585
1999-00,ID_14022
1999-00,ID_13833
1999-00,ID_13994
1999-00,ID_13646
1999-00,ID_13602
1999-00,ID_13992
1999-00,ID_13625
1999-00,ID_14050
1999-00,ID_13567
1999-00,ID_13680
1999-00,ID_13946
1999-00,ID_13736
1999-00,ID_13593
1999-00,ID_13917
1999-00,ID_13939
1999-00,ID_13831
1999-00,ID_13817
1999-00,ID_14024
1999-00,ID_13948
1999-00,ID_13863
1999-00,ID_13802
1999-00,ID_13644
1999-00,ID_13930
1999-00,ID_13636
1999-00,ID_13739
1999-00,ID_14053
1999-00,ID_13688
1999-00,ID_13690
1999-00,ID_13970
1999-00,ID_13851
1999-00,ID_13743
1999-00,ID_13878
1999-00,ID_13861
1999-00,ID_13895
1999-00,ID_13977
1999-00,ID_13574
1999-00,ID_13783
1999-00,ID_13686
1999-00,ID_13664
1999-00,ID_13587
1999-00,ID_14007
1999-00,ID_13601
1999-00,ID_13901
1999-00,ID_13729
1999-00,ID_13566
1999-00,ID_13891
1999-00,ID_14033
1999-00,ID_13896
1999-00,ID_13899
1999-00,ID_13733
1999-00,ID_13916
1999-00,ID_13862
1999-00,ID_13866
1999-00,ID_13618
1999-00,ID_13751
1999-00,ID_14049
1999-00,ID_13934
1999-00,ID_14005
1999-00,ID_13929
1999-00,ID_13968
1999-00,ID_13906
1999-00,ID_14002
1999-00,ID_13778
1999-00,ID_13800
1999-00,ID_13650
1999-00,ID_13705
1999-00,ID_13740
1999-00,ID_13726
1999-00,ID_13988
1999-00,ID_13590
1999-00,ID_13836
1999-00,ID_13582
1999-00,ID_13682
1999-00,ID_13701
1999-00,ID_13844
1999-00,ID_13595
1999-00,ID_13993
1999-00,ID_13770
1999-00,ID_13933
1999-00,ID_14010
1999-00,ID_13596
1999-00,ID_13615
1999-00,ID_14040
1999-00,ID_14034
1999-00,ID_13651
1999-00,ID_13960
1999-00,ID_13872
1999-00,ID_14056
1999-00,ID_13952
1999-00,ID_13987
1999-00,ID_14000
1999-00,ID_13663
1999-00,ID_13734
1999-00,ID_13638
1999-00,ID_13846
1999-00,ID_13954
1999-00,ID_13724
1999-00,ID_13782
1999-00,ID_13995
1999-00,ID_13981
1999-00,ID_13622
1999-00,ID_13963
1999-00,ID_13947
1999-00,ID_13914
1999-00,ID_13696
1999-00,ID_14031
1999-00,ID_13681
1999-00,ID_13675
1999-00,ID_13932
1999-00,ID_13898
1999-00,ID_14051
1999-00,ID_13578
1999-00,ID_13828
1999-00,ID_13975
1999-00,ID_13881
1999-00,ID_14045
1999-00,ID_13634
1999-00,ID_13591
1999-00,ID_13913
1999-00,ID_13805
1999-00,ID_13691
1999-00,ID_13905
1999-00,ID_13938
1999-00,ID_13769
1999-00,ID_13909
1999-00,ID_13683
1999-00,ID_13730
1999-00,ID_13902
1999-00,ID_13700
1999-00,ID_14048
1999-00,ID_13911
1999-00,ID_13935
1999-00,ID_13776
1999-00,ID_13643
1999-00,ID_13806
1999-00,ID_13565
1999-00,ID_13841
1999-00,ID_13689
1999-00,ID_13640
1999-00,ID_13750
1999-00,ID_14026
1999-00,ID_13738
1999-00,ID_13958
1999-00,ID_13626
1999-00,ID_13767
1999-00,ID_13610
1999-00,ID_13978
1999-00,ID_13966
1999-00,ID_13864
1999-00,ID_13852
1999-00,ID_13684
1999-00,ID_13820
1999-00,ID_13589
1999-00,ID_13581
1999-00,ID_13969
1999-00,ID_13962
1999-00,ID_13607
1999-00,ID_13945
1999-00,ID_13843
1999-00,ID_13633
1999-00,ID_13619
1999-00,ID_13665
1999-00,ID_14041
1999-00,ID_13642
1999-00,ID_13608
1999-00,ID_13982
1999-00,ID_13687
1999-00,ID_13798
1999-00,ID_13600
1999-00,ID_13694
1999-00,ID_13718
1999-00,ID_13781
1999-00,ID_13887
1999-00,ID_14035
1999-00,ID_13855
1999-00,ID_13654
1999-00,ID_13592
1999-00,ID_13668
1999-00,ID_14006
1999-00,ID_13829
1999-00,ID_14037
1999-00,ID_13613
1999-00,ID_13794
1999-00,ID_13811
1999-00,ID_13721
1999-00,ID_13867
1999-00,ID_13849
1999-00,ID_13577
1999-00,ID_13870
1999-00,ID_13660
1999-00,ID_13847
1999-00,ID_13842
1999-00,ID_13652
1999-00,ID_13787
1999-00,ID_13699
1999-00,ID_14004
1999-00,ID_13679
1999-00,ID_13714
1999-00,ID_13922
1999-00,ID_13584
1999-00,ID_13713
1999-00,ID_13990
1999-00,ID_13865
1999-00,ID_13986
1999-00,ID_14039
1999-00,ID_13860
1999-00,ID_13727
1999-00,ID_13835
1999-00,ID_13659
1999-00,ID_13910
1999-00,ID_13951
1999-00,ID_13957
1999-00,ID_13822
1999-00,ID_13735
1999-00,ID_14047
1999-00,ID_13710
1999-00,ID_13712
1999-00,ID_13758
1999-00,ID_13967
1999-00,ID_13715
1999-00,ID_13823
1999-00,ID_14057
1999-00,ID_13904
1999-00,ID_13848
1999-00,ID_13583
1999-00,ID_13673
1999-00,ID_13999
1999-00,ID_14038
1999-00,ID_13918
1999-00,ID_13926
1999-00,ID_13882
1999-00,ID_13804
1999-00,ID_13720
1999-00,ID_13605
1999-00,ID_13568
1999-00,ID_13697
1999-00,ID_14018
1999-00,ID_13761
1999-00,ID_13920
1999-00,ID_13944
1999-00,ID_13897
1999-00,ID_13903
1999-00,ID_13971
1999-00,ID_13956
1999-00,ID_13919
1999-00,ID_13774
1999-00,ID_13762
1999-00,ID_14011
1999-00,ID_13719
1999-00,ID_13725
1999-00,ID_13814
1999-00,ID_13764
1999-00,ID_13775
1999-00,ID_13667
1999-00,ID_13812
1999-00,ID_14021
1999-00,ID_14014
1999-00,ID_13678
1999-00,ID_13931
1999-00,ID_13883
1999-00,ID_13753
1999-00,ID_13631
1999-00,ID_13808
1999-00,ID_13991
1999-00,ID_13950
1999-00,ID_13765
1999-00,ID_13923
1999-00,ID_13632
1999-00,ID_13928
1999-00,ID_13662
1999-00,ID_14015
1999-00,ID_13893
1999-00,ID_13779
1999-00,ID_13630
1999-00,ID_13749
1999-00,ID_13586
1999-00,ID_13685
2004-05,ID_16405
2004-05,ID_16301
2004-05,ID_16690
2004-05,ID_16332
2004-05,ID_16710
2004-05,ID_16364
2004-05,ID_16202
2004-05,ID_16407
2004-05,ID_16630
2004-05,ID_16314
2004-05,ID_16417
2004-05,ID_16593
2004-05,ID_16243
2004-05,ID_16248
2004-05,ID_16313
2004-05,ID_16325
2004-05,ID_16478
2004-05,ID_16551
2004-05,ID_16164
2004-05,ID_16395
2004-05,ID_16668
2004-05,ID_16550
2004-05,ID_16415
2004-05,ID_16354
2004-05,ID_16261
2004-05,ID_16353
2004-05,ID_16500
2004-05,ID_16182
2004-05,ID_16507
2004-05,ID_16497
2004-05,ID_16255
2004-05,ID_16731
2004-05,ID_16713
2004-05,ID_16539
2004-05,ID_16681
2004-05,ID_16356
2004-05,ID_16716
2004-05,ID_16434
2004-05,ID_16453
2004-05,ID_16506
2004-05,ID_16522
2004-05,ID_16515
2004-05,ID_16591
2004-05,ID_16518
2004-05,ID_16520
2004-05,ID_16559
2004-05,ID_16199
2004-05,ID_16565
2004-05,ID_16256
2004-05,ID_16233
2004-05,ID_16350
2004-05,ID_16324
2004-05,ID_16656
2004-05,ID_16409
2004-05,ID_16396
2004-05,ID_16669
2004-05,ID_16229
2004-05,ID_16345
2004-05,ID_16468
2004-05,ID_16431
2004-05,ID_16284
2004-05,ID_16733
2004-05,ID_16367
2004-05,ID_16403
2004-05,ID_16702
2004-05,ID_16533
2004-05,ID_16659
2004-05,ID_16680
2004-05,ID_16292
2004-05,ID_16249
2004-05,ID_16456
2004-05,ID_16571
2004-05,ID_16244
2004-05,ID_16664
2004-05,ID_16741
2004-05,ID_16384
2004-05,ID_16282
2004-05,ID_16166
2004-05,ID_16192
2004-05,ID_16575
2004-05,ID_16355
2004-05,ID_16629
2004-05,ID_16530
2004-05,ID_16397
2004-05,ID_16290
2004-05,ID_16458
2004-05,ID_16206
2004-05,ID_16302
2004-05,ID_16286
2004-05,ID_16392
2004-05,ID_16735
2004-05,ID_16608
2004-05,ID_16503
2004-05,ID_16381
2004-05,ID_16638
2004-05,ID_16455
2004-05,ID_16580
2004-05,ID_16422
2004-05,ID_16709
2004-05,ID_16201
2004-05,ID_16607
2004-05,ID_16274
2004-05,ID_16237
2004-05,ID_16711
2004-05,ID_16512
2004-05,ID_16504
2004-05,ID_16234
2004-05,ID_16240
2004-05,ID_16474
2004-05,ID_16555
2004-05,ID_16311
2004-05,ID_16184
2004-05,ID_16694
2004-05,ID_16372
2004-05,ID_16594
2004-05,ID_16205
2004-05,ID_16195
2004-05,ID_16265
2004-05,ID_16175
2004-05,ID_16470
2004-05,ID_16174
2004-05,ID_16529
2004-05,ID_16416
2004-05,ID_16236
2004-05,ID_16560
2004-05,ID_16285
2004-05,ID_16588
2004-05,ID_16570
2004-05,ID_16688
2004-05,ID_16348
2004-05,ID_16444
2004-05,ID_16207
2004-05,ID_16521
2004-05,ID_16375
2004-05,ID_16674
2004-05,ID_16573
2004-05,ID_16327
2004-05,ID_16623
2004-05,ID_16568
2004-05,ID_16706
2004-05,ID_16612
2004-05,ID_16342
2004-05,ID_16217
2004-05,ID_16557
2004-05,ID_16406
2004-05,ID_16646
2004-05,ID_16639
2004-05,ID_16734
2004-05,ID_16287
2004-05,ID_16246
2004-05,ID_16645
2004-05,ID_16358
2004-05,ID_16465
2004-05,ID_16723
2004-05,ID_16181
2004-05,ID_16643
2004-05,ID_16684
2004-05,ID_16538
2004-05,ID_16319
2004-05,ID_16617
2004-05,ID_16238
2004-05,ID_16655
2004-05,ID_16360
2004-05,ID_16517
2004-05,ID_16279
2004-05,ID_16553
2004-05,ID_16581
2004-05,ID_16729
2004-05,ID_16689
2004-05,ID_16564
2004-05,ID_16321
2004-05,ID_16269
2004-05,ID_16637
2004-05,ID_16649
2004-05,ID_16627
2004-05,ID_16404
2004-05,ID_16291
2004-05,ID_16615
2004-05,ID_16476
2004-05,ID_16663
2004-05,ID_16686
2004-05,ID_16219
2004-05,ID_16556
2004-05,ID_16326
2004-05,ID_16464
2004-05,ID_16665
2004-05,ID_16742
2004-05,ID_16172
2004-05,ID_16598
2004-05,ID_16224
2004-05,ID_16675
2004-05,ID_16275
2004-05,ID_16582
2004-05,ID_16318
2004-05,ID_16227
2004-05,ID_16484
2004-05,ID_16736
2004-05,ID_16496
2004-05,ID_16698
2004-05,ID_16682
2004-05,ID_16394
2004-05,ID_16209
2004-05,ID_16546
2004-05,ID_16179
2004-05,ID_16398
2004-05,ID_16449
2004-05,ID_16343
2004-05,ID_16377
2004-05,ID_16365
2004-05,ID_16620
2004-05,ID_16196
2004-05,ID_16307
2004-05,ID_16540
2004-05,ID_16447
2004-05,ID_16566
2004-05,ID_16746
2004-05,ID_16673
2004-05,ID_16335
2004-05,ID_16545
2004-05,ID_16666
2004-05,ID_16228
2004-05,ID_16676
2004-05,ID_16606
2004-05,ID_16662
2004-05,ID_16701
2004-05,ID_16218
2004-05,ID_16189
2004-05,ID_16389
2004-05,ID_16596
2004-05,ID_16380
2004-05,ID_16446
2004-05,ID_16726
2004-05,ID_16495
2004-05,ID_16747
2004-05,ID_16491
2004-05,ID_16305
2004-05,ID_16502
2004-05,ID_16584
2004-05,ID_16632
2004-05,ID_16428
2004-05,ID_16618
2004-05,ID_16543
2004-05,ID_16509
2004-05,ID_16452
2004-05,ID_16298
2004-05,ID_16374
2004-05,ID_16260
2004-05,ID_16479
2004-05,ID_16283
2004-05,ID_16198
2004-05,ID_16414
2004-05,ID_16438
2004-05,ID_16315
2004-05,ID_16699
2004-05,ID_16413
2004-05,ID_16361
2004-05,ID_16569
2004-05,ID_16487
2004-05,ID_16670
2004-05,ID_16473
2004-05,ID_16485
2004-05,ID_16320
2004-05,ID_16650
2004-05,ID_16725
2004-05,ID_16585
2004-05,ID_16411
2004-05,ID_16213
2004-05,ID_16641
2004-05,ID_16547
2004-05,ID_16363
2004-05,ID_16467
2004-05,ID_16388
2004-05,ID_16270
2004-05,ID_16308
2004-05,ID_16272
2004-05,ID_16489
2004-05,ID_16454
2004-05,ID_16552
2004-05,ID_16657
2004-05,ID_16658
2004-05,ID_16528
2004-05,ID_16331
2004-05,ID_16263
2004-05,ID_16740
2004-05,ID_16299
2004-05,ID_16412
2004-05,ID_16368
2004-05,ID_16558
2004-05,ID_16693
2004-05,ID_16338
2004-05,ID_16352
2004-05,ID_16369
2004-05,ID_16370
2004-05,ID_16619
2004-05,ID_16295
2004-05,ID_16492
2004-05,ID_16647
2004-05,ID_16482
2004-05,ID_16245
2004-05,ID_16242
2004-05,ID_16426
2004-05,ID_16683
2004-05,ID_16351
2004-05,ID_16486
2004-05,ID_16197
2004-05,ID_16542
2004-05,ID_16739
2004-05,ID_16534
2004-05,ID_16340
2004-05,ID_16278
2004-05,ID_16442
2004-05,ID_16481
2004-05,ID_16651
2004-05,ID_16602
2004-05,ID_16347
2004-05,ID_16744
2004-05,ID_16743
2004-05,ID_16526
2004-05,ID_16704
2004-05,ID_16460
2004-05,ID_16322
2004-05,ID_16294
2004-05,ID_16480
2004-05,ID_16707
2004-05,ID_16501
2004-05,ID_16577
2004-05,ID_16692
2004-05,ID_16567
2004-05,ID_16252
2004-05,ID_16222
2004-05,ID_16732
2004-05,ID_16366
2004-05,ID_16719
2004-05,ID_16333
2004-05,ID_16304
2004-05,ID_16717
2004-05,ID_16661
2004-05,ID_16435
2004-05,ID_16212
2004-05,ID_16722
2004-05,ID_16419
2004-05,ID_16410
2004-05,ID_16451
2004-05,ID_16382
2004-05,ID_16737
2004-05,ID_16583
2004-05,ID_16226
2004-05,ID_16341
2004-05,ID_16628
2004-05,ID_16385
2004-05,ID_16203
2004-05,ID_16604
2004-05,ID_16595
2004-05,ID_16624
2004-05,ID_16466
2004-05,ID_16705
2004-05,ID_16187
2004-05,ID_16214
2004-05,ID_16600
2004-05,ID_16288
2004-05,ID_16235
2004-05,ID_16587
2004-05,ID_16541
2004-05,ID_16554
2004-05,ID_16633
2004-05,ID_16247
2004-05,ID_16317
2004-05,ID_16241
2004-05,ID_16168
2004-05,ID_16514
2004-05,ID_16678
2004-05,ID_16622
2004-05,ID_16499
2004-05,ID_16563
2004-05,ID_16289
2004-05,ID_16430
2004-05,ID_16328
2004-05,ID_16621
2004-05,ID_16720
2004-05,ID_16523
2004-05,ID_16625
2004-05,ID_16459
2004-05,ID_16258
2004-05,ID_16312
2004-05,ID_16603
2004-05,ID_16316
2004-05,ID_16239
2004-05,ID_16391
2004-05,ID_16613
2004-05,ID_16505
2004-05,ID_16254
2004-05,ID_16576
2004-05,ID_16429
2004-05,ID_16437
2004-05,ID_16177
2004-05,ID_16441
2004-05,ID_16443
2004-05,ID_16280
2004-05,ID_16185
2004-05,ID_16462
2004-05,ID_16223
2004-05,ID_16359
2004-05,ID_16424
2004-05,ID_16599
2004-05,ID_16471
2004-05,ID_16448
2004-05,ID_16440
2004-05,ID_16169
2004-05,ID_16439
2004-05,ID_16535
2004-05,ID_16334
2004-05,ID_16268
2004-05,ID_16171
2004-05,ID_16548
2004-05,ID_16346
2004-05,ID_16383
2004-05,ID_16636
2004-05,ID_16387
2004-05,ID_16323
2004-05,ID_16210
2004-05,ID_16232
2004-05,ID_16281
2004-05,ID_16250
2004-05,ID_16390
2004-05,ID_16695
2004-05,ID_16215
2004-05,ID_16574
2004-05,ID_16578
2004-05,ID_16339
2004-05,ID_16266
2004-05,ID_16590
2004-05,ID_16642
2004-05,ID_16267
2004-05,ID_16190
2004-05,ID_16401
2004-05,ID_16728
2004-05,ID_16329
2004-05,ID_16379
2004-05,ID_16330
2004-05,ID_16231
2004-05,ID_16463
2004-05,ID_16277
2004-05,ID_16703
2004-05,ID_16193
2004-05,ID_16271
2004-05,ID_16640
2004-05,ID_16672
2004-05,ID_16616
2004-05,ID_16652
2004-05,ID_16537
2004-05,ID_16457
2004-05,ID_16631
2004-05,ID_16293
2004-05,ID_16654
2004-05,ID_16433
2004-05,ID_16525
2004-05,ID_16178
2004-05,ID_16378
2004-05,ID_16408
2004-05,ID_16211
2004-05,ID_16597
2004-05,ID_16170
2004-05,ID_16472
2004-05,ID_16488
2004-05,ID_16510
2004-05,ID_16579
2004-05,ID_16303
2004-05,ID_16490
2004-05,ID_16386
2004-05,ID_16420
2004-05,ID_16549
2004-05,ID_16611
2004-05,ID_16402
2004-05,ID_16677
2004-05,ID_16376
2004-05,ID_16586
2004-05,ID_16208
2004-05,ID_16696
2004-05,ID_16306
2004-05,ID_16745
2004-05,ID_16653
2004-05,ID_16296
2004-05,ID_16259
2004-05,ID_16508
2004-05,ID_16423
2004-05,ID_16336
2004-05,ID_16393
2004-05,ID_16167
2004-05,ID_16714
2004-05,ID_16483
2004-05,ID_16718
2004-05,ID_16373
2004-05,ID_16592
2004-05,ID_16511
2004-05,ID_16436
2004-05,ID_16531
2004-05,ID_16450
2004-05,ID_16400
2004-05,ID_16188
2004-05,ID_16461
2004-05,ID_16644
2004-05,ID_16418
2004-05,ID_16425
2004-05,ID_16163
2004-05,ID_16251
2004-05,ID_16700
2004-05,ID_16724
2004-05,ID_16561
2004-05,ID_16610
2004-05,ID_16475
2004-05,ID_16309
2004-05,ID_16634
2004-05,ID_16220
2004-05,ID_16180
2004-05,ID_16498
2004-05,ID_16648
2004-05,ID_16445
2004-05,ID_16262
2004-05,ID_16494
2004-05,ID_16225
2004-05,ID_16344
2004-05,ID_16527
2004-05,ID_16216
2004-05,ID_16357
2004-05,ID_16687
2004-05,ID_16589
2007-08,ID_17879
2007-08,ID_18362
2007-08,ID_17986
2007-08,ID_17878
2007-08,ID_18046
2007-08,ID_18418
2007-08,ID_17923
2007-08,ID_18407
2007-08,ID_17954
2007-08,ID_18179
2007-08,ID_18021
2007-08,ID_18286
2007-08,ID_17882
2007-08,ID_18059
2007-08,ID_18325
2007-08,ID_17976
2007-08,ID_18214
2007-08,ID_17983
2007-08,ID_18136
2007-08,ID_17887
2007-08,ID_17855
2007-08,ID_17876
2007-08,ID_17944
2007-08,ID_18028
2007-08,ID_18143
2007-08,ID_18095
2007-08,ID_18236
2007-08,ID_18148
2007-08,ID_18277
2007-08,ID_18042
2007-08,ID_18175
2007-08,ID_18268
2007-08,ID_18292
2007-08,ID_17993
2007-08,ID_17905
2007-08,ID_18260
2007-08,ID_18049
2007-08,ID_17854
2007-08,ID_18146
2007-08,ID_18044
2007-08,ID_17870
2007-08,ID_18384
2007-08,ID_18261
2007-08,ID_18219
2007-08,ID_18212
2007-08,ID_18139
2007-08,ID_17844
2007-08,ID_17988
2007-08,ID_18047
2007-08,ID_18408
2007-08,ID_18039
2007-08,ID_18398
2007-08,ID_17861
2007-08,ID_18309
2007-08,ID_17945
2007-08,ID_18126
2007-08,ID_18037
2007-08,ID_18092
2007-08,ID_18301
2007-08,ID_18395
2007-08,ID_18252
2007-08,ID_18224
2007-08,ID_18390
2007-08,ID_18040
2007-08,ID_18211
2007-08,ID_18203
2007-08,ID_18403
2007-08,ID_18410
2007-08,ID_18041
2007-08,ID_17865
2007-08,ID_18412
2007-08,ID_18315
2007-08,ID_18336
2007-08,ID_18134
2007-08,ID_17979
2007-08,ID_18030
2007-08,ID_18153
2007-08,ID_18140
2007-08,ID_18072
2007-08,ID_17995
2007-08,ID_18358
2007-08,ID_17912
2007-08,ID_18338
2007-08,ID_18065
2007-08,ID_18196
2007-08,ID_17851
2007-08,ID_17941
2007-08,ID_18264
2007-08,ID_17909
2007-08,ID_18359
2007-08,ID_18328
2007-08,ID_18120
2007-08,ID_17922
2007-08,ID_18230
2007-08,ID_18348
2007-08,ID_17908
2007-08,ID_18263
2007-08,ID_18097
2007-08,ID_17832
2007-08,ID_18295
2007-08,ID_18108
2007-08,ID_18370
2007-08,ID_17910
2007-08,ID_18289
2007-08,ID_18356
2007-08,ID_17991
2007-08,ID_18031
2007-08,ID_18207
2007-08,ID_18375
2007-08,ID_18018
2007-08,ID_18231
2007-08,ID_18176
2007-08,ID_18343
2007-08,ID_17868
2007-08,ID_18156
2007-08,ID_18258
2007-08,ID_18344
2007-08,ID_17917
2007-08,ID_18253
2007-08,ID_18081
2007-08,ID_18141
2007-08,ID_18125
2007-08,ID_18383
2007-08,ID_18237
2007-08,ID_18127
2007-08,ID_18397
2007-08,ID_18339
2007-08,ID_17899
2007-08,ID_18222
2007-08,ID_18270
2007-08,ID_17925
2007-08,ID_18421
2007-08,ID_18242
2007-08,ID_18274
2007-08,ID_18071
2007-08,ID_18004
2007-08,ID_17946
2007-08,ID_17998
2007-08,ID_17913
2007-08,ID_17977
2007-08,ID_18161
2007-08,ID_18250
2007-08,ID_18137
2007-08,ID_18218
2007-08,ID_18033
2007-08,ID_18374
2007-08,ID_18067
2007-08,ID_18110
2007-08,ID_17875
2007-08,ID_18288
2007-08,ID_18017
2007-08,ID_17881
2007-08,ID_17833
2007-08,ID_18254
2007-08,ID_18210
2007-08,ID_17864
2007-08,ID_18296
2007-08,ID_18160
2007-08,ID_18057
2007-08,ID_18233
2007-08,ID_17969
2007-08,ID_17938
2007-08,ID_18371
2007-08,ID_18158
2007-08,ID_18310
2007-08,ID_17973
2007-08,ID_18109
2007-08,ID_17994
2007-08,ID_18389
2007-08,ID_18249
2007-08,ID_18163
2007-08,ID_18048
2007-08,ID_17952
2007-08,ID_18174
2007-08,ID_18100
2007-08,ID_18001
2007-08,ID_17846
2007-08,ID_18192
2007-08,ID_18232
2007-08,ID_18267
2007-08,ID_17999
2007-08,ID_18122
2007-08,ID_18234
2007-08,ID_17992
2007-08,ID_18346
2007-08,ID_17885
2007-08,ID_18199
2007-08,ID_18283
2007-08,ID_18416
2007-08,ID_17924
2007-08,ID_18317
2007-08,ID_18183
2007-08,ID_17957
2007-08,ID_18187
2007-08,ID_18191
2007-08,ID_18365
2007-08,ID_18013
2007-08,ID_17827
2007-08,ID_18184
2007-08,ID_18111
2007-08,ID_17857
2007-08,ID_18063
2007-08,ID_18401
2007-08,ID_18068
2007-08,ID_18391
2007-08,ID_18133
2007-08,ID_17930
2007-08,ID_18256
2007-08,ID_18162
2007-08,ID_18319
2007-08,ID_17888
2007-08,ID_18208
2007-08,ID_18193
2007-08,ID_17972
2007-08,ID_17960
2007-08,ID_18115
2007-08,ID_17860
2007-08,ID_17873
2007-08,ID_18331
2007-08,ID_18368
2007-08,ID_18404
2007-08,ID_17948
2007-08,ID_18114
2007-08,ID_18305
2007-08,ID_18382
2007-08,ID_18085
2007-08,ID_18386
2007-08,ID_18014
2007-08,ID_18011
2007-08,ID_18012
2007-08,ID_18393
2007-08,ID_18239
2007-08,ID_18035
2007-08,ID_17915
2007-08,ID_18240
2007-08,ID_18078
2007-08,ID_17862
2007-08,ID_17897
2007-08,ID_17959
2007-08,ID_17863
2007-08,ID_18000
2007-08,ID_18323
2007-08,ID_18107
2007-08,ID_18326
2007-08,ID_18228
2007-08,ID_18304
2007-08,ID_17966
2007-08,ID_18032
2007-08,ID_18334
2007-08,ID_18182
2007-08,ID_17892
2007-08,ID_18101
2007-08,ID_18086
2007-08,ID_17890
2007-08,ID_18119
2007-08,ID_18244
2007-08,ID_18103
2007-08,ID_18129
2007-08,ID_18010
2007-08,ID_18093
2007-08,ID_17942
2007-08,ID_17856
2007-08,ID_18246
2007-08,ID_18335
2007-08,ID_17974
2007-08,ID_18079
2007-08,ID_18007
2007-08,ID_17889
2007-08,ID_18194
2007-08,ID_17919
2007-08,ID_18354
2007-08,ID_18281
2007-08,ID_17949
2007-08,ID_17982
2007-08,ID_18351
2007-08,ID_18130
2007-08,ID_18314
2007-08,ID_17841
2007-08,ID_18189
2007-08,ID_18275
2007-08,ID_18060
2007-08,ID_17943
2007-08,ID_17951
2007-08,ID_17967
2007-08,ID_18282
2007-08,ID_18075
2007-08,ID_18320
2007-08,ID_17937
2007-08,ID_18265
2007-08,ID_17859
2007-08,ID_18409
2007-08,ID_18215
2007-08,ID_18022
2007-08,ID_18197
2007-08,ID_18302
2007-08,ID_18105
2007-08,ID_18151
2007-08,ID_18157
2007-08,ID_17893
2007-08,ID_18165
2007-08,ID_18005
2007-08,ID_18177
2007-08,ID_18392
2007-08,ID_18202
2007-08,ID_18106
2007-08,ID_18154
2007-08,ID_18149
2007-08,ID_17935
2007-08,ID_18333
2007-08,ID_17929
2007-08,ID_18209
2007-08,ID_18076
2007-08,ID_18006
2007-08,ID_18104
2007-08,ID_18112
2007-08,ID_17927
2007-08,ID_18099
2007-08,ID_18150
2007-08,ID_18052
2007-08,ID_18322
2007-08,ID_18241
2007-08,ID_18178
2007-08,ID_18082
2007-08,ID_18376
2007-08,ID_17950
2007-08,ID_18096
2007-08,ID_17852
2007-08,ID_18167
2007-08,ID_18204
2007-08,ID_18070
2007-08,ID_18027
2007-08,ID_18307
2007-08,ID_18226
2007-08,ID_17956
2007-08,ID_18298
2007-08,ID_17961
2007-08,ID_18217
2007-08,ID_17996
2007-08,ID_18312
2007-08,ID_18299
2007-08,ID_17931
2007-08,ID_18166
2007-08,ID_18155
2007-08,ID_18347
2007-08,ID_18340
2007-08,ID_17920
2007-08,ID_17997
2007-08,ID_18269
2007-08,ID_17836
2007-08,ID_18084
2007-08,ID_18419
2007-08,ID_18132
2007-08,ID_18069
2007-08,ID_18369
2007-08,ID_17901
2007-08,ID_18061
2007-08,ID_17849
2007-08,ID_18273
2007-08,ID_18083
2007-08,ID_17936
2007-08,ID_17904
2007-08,ID_18073
2007-08,ID_18294
2007-08,ID_17985
2007-08,ID_18171
2007-08,ID_18280
2007-08,ID_18023
2007-08,ID_17926
2007-08,ID_18074
2007-08,ID_17850
2007-08,ID_18414
2007-08,ID_18266
2007-08,ID_18415
2007-08,ID_18205
2007-08,ID_17932
2007-08,ID_18098
2007-08,ID_17987
2007-08,ID_17955
2007-08,ID_17914
2007-08,ID_17968
2007-08,ID_18135
2007-08,ID_18316
2007-08,ID_18235
2007-08,ID_18090
2007-08,ID_18318
2007-08,ID_17978
2007-08,ID_18077
2007-08,ID_18142
2007-08,ID_18396
2007-08,ID_17845
2007-08,ID_17958
2007-08,ID_17894
2007-08,ID_18349
2007-08,ID_17903
2007-08,ID_18172
2007-08,ID_17853
2007-08,ID_18345
2007-08,ID_18188
2007-08,ID_18400
2007-08,ID_18221
2007-08,ID_18311
2007-08,ID_18357
2007-08,ID_18200
2007-08,ID_18170
2007-08,ID_17831
2007-08,ID_18257
2007-08,ID_18045
2007-08,ID_17933
2007-08,ID_18055
2007-08,ID_18050
2007-08,ID_18352
2007-08,ID_18303
2007-08,ID_18259
2007-08,ID_17947
2007-08,ID_18144
2007-08,ID_17838
2007-08,ID_18128
2007-08,ID_17964
2007-08,ID_18276
2007-08,ID_18373
2007-08,ID_18306
2007-08,ID_18024
2007-08,ID_17883
2007-08,ID_17884
2007-08,ID_17866
2007-08,ID_17891
2007-08,ID_18405
2007-08,ID_18213
2007-08,ID_18003
2007-08,ID_18116
2007-08,ID_18279
2007-08,ID_17886
2007-08,ID_18186
2007-08,ID_18238
2007-08,ID_18247
2007-08,ID_17835
2007-08,ID_18297
2007-08,ID_18245
2007-08,ID_18367
2007-08,ID_18262
2007-08,ID_18168
2007-08,ID_18372
2007-08,ID_18026
2007-08,ID_18124
2007-08,ID_18008
2007-08,ID_18195
2007-08,ID_17907
2007-08,ID_17877
2007-08,ID_18131
2007-08,ID_18036
2007-08,ID_18290
2007-08,ID_18123
2007-08,ID_18272
2007-08,ID_17872
2007-08,ID_18330
2007-08,ID_18353
2007-08,ID_17867
2007-08,ID_17918
2007-08,ID_18380
2007-08,ID_18015
2007-08,ID_18366
2007-08,ID_18324
2007-08,ID_18190
2007-08,ID_18327
2007-08,ID_17847
2007-08,ID_17940
2007-08,ID_18378
2007-08,ID_18363
2007-08,ID_17869
2007-08,ID_18248
2007-08,ID_18342
2007-08,ID_18117
2007-08,ID_17871
2007-08,ID_18293
2007-08,ID_18388
2007-08,ID_17981
2007-08,ID_18413
2007-08,ID_18385
2007-08,ID_18181
2007-08,ID_17970
2007-08,ID_18223
2007-08,ID_18285
2007-08,ID_18062
2007-08,ID_18291
2007-08,ID_17880
2007-08,ID_17971
2007-08,ID_18180
2007-08,ID_18002
2007-08,ID_18056
2007-08,ID_17911
2007-08,ID_18361
2007-08,ID_18420
2007-08,ID_18019
2007-08,ID_17916
2007-08,ID_17900
2007-08,ID_17839
2007-08,ID_18284
2007-08,ID_17896
2007-08,ID_18054
2007-08,ID_18089
2007-08,ID_18064
2007-08,ID_18255
2007-08,ID_18053
2007-08,ID_18350
2007-08,ID_17837
2007-08,ID_17843
2007-08,ID_18402
2007-08,ID_18355
2007-08,ID_18087
2007-08,ID_18091
2007-08,ID_18227
2007-08,ID_18185
2007-08,ID_17828
2007-08,ID_18201
2007-08,ID_17840
2007-08,ID_17830
2007-08,ID_18251
2007-08,ID_17963
2007-08,ID_18379
2007-08,ID_18029
2007-08,ID_18147
2007-08,ID_17898
2007-08,ID_17990
2007-08,ID_18287
2007-08,ID_18225
2007-08,ID_17842
2007-08,ID_17953
2011-12,ID_20673
2011-12,ID_20413
2011-12,ID_20366
2011-12,ID_20697
2011-12,ID_20544
2011-12,ID_20752
2011-12,ID_20393
2011-12,ID_20261
2011-12,ID_20580
2011-12,ID_20469
2011-12,ID_20305
2011-12,ID_20453
2011-12,ID_20254
2011-12,ID_20229
2011-12,ID_20470
2011-12,ID_20705
2011-12,ID_20725
2011-12,ID_20388
2011-12,ID_20728
2011-12,ID_20477
2011-12,ID_20740
2011-12,ID_20737
2011-12,ID_20363
2011-12,ID_20218
2011-12,ID_20359
2011-12,ID_20252
2011-12,ID_20433
2011-12,ID_20224
2011-12,ID_20519
2011-12,ID_20607
2011-12,ID_20558
2011-12,ID_20707
2011-12,ID_20609
2011-12,ID_20729
2011-12,ID_20241
2011-12,ID_20242
2011-12,ID_20750
2011-12,ID_20684
2011-12,ID_20458
2011-12,ID_20587
2011-12,ID_20591
2011-12,ID_20537
2011-12,ID_20539
2011-12,ID_20718
2011-12,ID_20568
2011-12,ID_20518
2011-12,ID_20447
2011-12,ID_20496
2011-12,ID_20665
2011-12,ID_20648
2011-12,ID_20335
2011-12,ID_20736
2011-12,ID_20570
2011-12,ID_20238
2011-12,ID_20681
2011-12,ID_20619
2011-12,ID_20250
2011-12,ID_20396
2011-12,ID_20239
2011-12,ID_20723
2011-12,ID_20389
2011-12,ID_20691
2011-12,ID_20437
2011-12,ID_20364
2011-12,ID_20702
2011-12,ID_20336
2011-12,ID_20668
2011-12,ID_20398
2011-12,ID_20748
2011-12,ID_20638
2011-12,ID_20410
2011-12,ID_20378
2011-12,ID_20466
2011-12,ID_20576
2011-12,ID_20513
2011-12,ID_20454
2011-12,ID_20577
2011-12,ID_20575
2011-12,ID_20415
2011-12,ID_20656
2011-12,ID_20482
2011-12,ID_20639
2011-12,ID_20506
2011-12,ID_20298
2011-12,ID_20351
2011-12,ID_20418
2011-12,ID_20405
2011-12,ID_20462
2011-12,ID_20233
2011-12,ID_20731
2011-12,ID_20617
2011-12,ID_20341
2011-12,ID_20489
2011-12,ID_20311
2011-12,ID_20715
2011-12,ID_20243
2011-12,ID_20323
2011-12,ID_20578
2011-12,ID_20353
2011-12,ID_20380
2011-12,ID_20685
2011-12,ID_20608
2011-12,ID_20621
2011-12,ID_20428
2011-12,ID_20571
2011-12,ID_20548
2011-12,ID_20222
2011-12,ID_20690
2011-12,ID_20531
2011-12,ID_20308
2011-12,ID_20465
2011-12,ID_20588
2011-12,ID_20564
2011-12,ID_20643
2011-12,ID_20472
2011-12,ID_20344
2011-12,ID_20249
2011-12,ID_20285
2011-12,ID_20403
2011-12,ID_20627
2011-12,ID_20680
2011-12,ID_20659
2011-12,ID_20532
2011-12,ID_20687
2011-12,ID_20269
2011-12,ID_20312
2011-12,ID_20211
2011-12,ID_20635
2011-12,ID_20223
2011-12,ID_20623
2011-12,ID_20505
2011-12,ID_20616
2011-12,ID_20346
2011-12,ID_20478
2011-12,ID_20598
2011-12,ID_20385
2011-12,ID_20481
2011-12,ID_20452
2011-12,ID_20722
2011-12,ID_20553
2011-12,ID_20614
2011-12,ID_20490
2011-12,ID_20502
2011-12,ID_20390
2011-12,ID_20338
2011-12,ID_20581
2011-12,ID_20499
2011-12,ID_20314
2011-12,ID_20526
2011-12,ID_20540
2011-12,ID_20327
2011-12,ID_20550
2011-12,ID_20509
2011-12,ID_20700
2011-12,ID_20604
2011-12,ID_20420
2011-12,ID_20593
2011-12,ID_20451
2011-12,ID_20210
2011-12,ID_20382
2011-12,ID_20706
2011-12,ID_20422
2011-12,ID_20446
2011-12,ID_20714
2011-12,ID_20260
2011-12,ID_20512
2011-12,ID_20253
2011-12,ID_20650
2011-12,ID_20595
2011-12,ID_20404
2011-12,ID_20601
2011-12,ID_20384
2011-12,ID_20516
2011-12,ID_20309
2011-12,ID_20347
2011-12,ID_20324
2011-12,ID_20529
2011-12,ID_20432
2011-12,ID_20498
2011-12,ID_20676
2011-12,ID_20719
2011-12,ID_20743
2011-12,ID_20406
2011-12,ID_20730
2011-12,ID_20727
2011-12,ID_20574
2011-12,ID_20350
2011-12,ID_20586
2011-12,ID_20306
2011-12,ID_20419
2011-12,ID_20602
2011-12,ID_20274
2011-12,ID_20664
2011-12,ID_20511
2011-12,ID_20630
2011-12,ID_20345
2011-12,ID_20215
2011-12,ID_20316
2011-12,ID_20292
2011-12,ID_20248
2011-12,ID_20733
2011-12,ID_20641
2011-12,ID_20303
2011-12,ID_20273
2011-12,ID_20606
2011-12,ID_20701
2011-12,ID_20745
2011-12,ID_20597
2011-12,ID_20209
2011-12,ID_20414
2011-12,ID_20563
2011-12,ID_20473
2011-12,ID_20325
2011-12,ID_20231
2011-12,ID_20220
2011-12,ID_20362
2011-12,ID_20258
2011-12,ID_20495
2011-12,ID_20395
2011-12,ID_20340
2011-12,ID_20555
2011-12,ID_20212
2011-12,ID_20279
2011-12,ID_20724
2011-12,ID_20572
2011-12,ID_20284
2011-12,ID_20441
2011-12,ID_20299
2011-12,ID_20655
2011-12,ID_20431
2011-12,ID_20709
2011-12,ID_20227
2011-12,ID_20376
2011-12,ID_20276
2011-12,ID_20647
2011-12,ID_20296
2011-12,ID_20584
2011-12,ID_20594
2011-12,ID_20557
2011-12,ID_20756
2011-12,ID_20443
2011-12,ID_20589
2011-12,ID_20280
2011-12,ID_20683
2011-12,ID_20596
2011-12,ID_20757
2011-12,ID_20696
2011-12,ID_20613
2011-12,ID_20339
2011-12,ID_20663
2011-12,ID_20455
2011-12,ID_20449
2011-12,ID_20302
2011-12,ID_20747
2011-12,ID_20600
2011-12,ID_20755
2011-12,ID_20213
2011-12,ID_20387
2011-12,ID_20369
2011-12,ID_20721
2011-12,ID_20552
2011-12,ID_20661
2011-12,ID_20400
2011-12,ID_20356
2011-12,ID_20521
2011-12,ID_20712
2011-12,ID_20411
2011-12,ID_20708
2011-12,ID_20461
2011-12,ID_20310
2011-12,ID_20611
2011-12,ID_20692
2011-12,ID_20354
2011-12,ID_20460
2011-12,ID_20742
2011-12,ID_20486
2011-12,ID_20394
2011-12,ID_20497
2011-12,ID_20732
2011-12,ID_20331
2011-12,ID_20343
2011-12,ID_20536
2011-12,ID_20226
2011-12,ID_20517
2011-12,ID_20318
2011-12,ID_20464
2011-12,ID_20421
2011-12,ID_20510
2011-12,ID_20565
2011-12,ID_20282
2011-12,ID_20293
2011-12,ID_20383
2011-12,ID_20373
2011-12,ID_20657
2011-12,ID_20322
2011-12,ID_20277
2011-12,ID_20520
2011-12,ID_20624
2011-12,ID_20409
2011-12,ID_20753
2011-12,ID_20671
2011-12,ID_20592
2011-12,ID_20352
2011-12,ID_20476
2011-12,ID_20463
2011-12,ID_20693
2011-12,ID_20275
2011-12,ID_20631
2011-12,ID_20734
2011-12,ID_20360
2011-12,ID_20317
2011-12,ID_20247
2011-12,ID_20720
2011-12,ID_20402
2011-12,ID_20221
2011-12,ID_20288
2011-12,ID_20235
2011-12,ID_20523
2011-12,ID_20281
2011-12,ID_20642
2011-12,ID_20264
2011-12,ID_20474
2011-12,ID_20530
2011-12,ID_20436
2011-12,ID_20603
2011-12,ID_20541
2011-12,ID_20321
2011-12,ID_20272
2011-12,ID_20319
2011-12,ID_20217
2011-12,ID_20646
2011-12,ID_20424
2011-12,ID_20556
2011-12,ID_20268
2011-12,ID_20301
2011-12,ID_20407
2011-12,ID_20257
2011-12,ID_20704
2011-12,ID_20554
2011-12,ID_20262
2011-12,ID_20735
2011-12,ID_20381
2011-12,ID_20342
2011-12,ID_20527
2011-12,ID_20501
2011-12,ID_20333
2011-12,ID_20620
2011-12,ID_20375
2011-12,ID_20216
2011-12,ID_20610
2011-12,ID_20326
2011-12,ID_20240
2011-12,ID_20717
2011-12,ID_20573
2011-12,ID_20214
2011-12,ID_20263
2011-12,ID_20430
2011-12,ID_20640
2011-12,ID_20487
2011-12,ID_20457
2011-12,ID_20515
2011-12,ID_20585
2011-12,ID_20475
2011-12,ID_20225
2011-12,ID_20546
2011-12,ID_20334
2011-12,ID_20295
2011-12,ID_20289
2011-12,ID_20483
2011-12,ID_20738
2011-12,ID_20637
2011-12,ID_20399
2011-12,ID_20259
2011-12,ID_20524
2011-12,ID_20484
2011-12,ID_20349
2011-12,ID_20401
2011-12,ID_20448
2011-12,ID_20583
2011-12,ID_20392
2011-12,ID_20494
2011-12,ID_20686
2011-12,ID_20634
2011-12,ID_20582
2011-12,ID_20230
2011-12,ID_20456
2011-12,ID_20265
2011-12,ID_20283
2011-12,ID_20666
2011-12,ID_20372
2011-12,ID_20468
2011-12,ID_20669
2011-12,ID_20329
2011-12,ID_20416
2011-12,ID_20297
2011-12,ID_20370
2011-12,ID_20694
2011-12,ID_20315
2011-12,ID_20300
2011-12,ID_20267
2011-12,ID_20508
2011-12,ID_20278
2011-12,ID_20652
2011-12,ID_20287
2011-12,ID_20485
2011-12,ID_20662
2011-12,ID_20749
2011-12,ID_20379
2011-12,ID_20245
2011-12,ID_20670
2011-12,ID_20434
2011-12,ID_20408
2011-12,ID_20503
2011-12,ID_20507
2011-12,ID_20674
2011-12,ID_20291
2011-12,ID_20417
2011-12,ID_20675
2011-12,ID_20493
2011-12,ID_20633
2011-12,ID_20480
2011-12,ID_20304
2011-12,ID_20361
2011-12,ID_20567
2011-12,ID_20542
2011-12,ID_20391
2011-12,ID_20678
2011-12,ID_20467
2011-12,ID_20442
2011-12,ID_20560
2011-12,ID_20547
2011-12,ID_20236
2011-12,ID_20357
2011-12,ID_20618
2011-12,ID_20355
2011-12,ID_20219
2011-12,ID_20374
2011-12,ID_20237
2011-12,ID_20251
2011-12,ID_20599
2011-12,ID_20562
2011-12,ID_20644
2011-12,ID_20561
2011-12,ID_20266
2011-12,ID_20549
2011-12,ID_20365
2011-12,ID_20535
2011-12,ID_20649
2011-12,ID_20425
2011-12,ID_20429
2011-12,ID_20746
2011-12,ID_20566
2011-12,ID_20522
2011-12,ID_20711
2011-12,ID_20528
2011-12,ID_20426
2011-12,ID_20679
2011-12,ID_20270
2011-12,ID_20294
2011-12,ID_20538
2011-12,ID_20569
2011-12,ID_20677
2011-12,ID_20625
2011-12,ID_20500
2011-12,ID_20320
2011-12,ID_20525
2011-12,ID_20440
2011-12,ID_20208
2011-12,ID_20438
2011-12,ID_20654
2011-12,ID_20244
2011-12,ID_20615
2011-12,ID_20741
2011-12,ID_20726
2011-12,ID_20534
2011-12,ID_20628
2011-12,ID_20367
2011-12,ID_20545
2011-12,ID_20629
2011-12,ID_20423
2011-12,ID_20228
2011-12,ID_20386
2011-12,ID_20653
2011-12,ID_20246
2011-12,ID_20337
2011-12,ID_20698
2011-12,ID_20710
2011-12,ID_20412
2011-12,ID_20313
2011-12,ID_20330
2011-12,ID_20491
2011-12,ID_20533
2011-12,ID_20660
2011-12,ID_20255
2011-12,ID_20579
2011-12,ID_20612
2011-12,ID_20658
2011-12,ID_20626
2011-12,ID_20232
2011-12,ID_20682
2011-12,ID_20543
2011-12,ID_20605
2011-12,ID_20689
2011-12,ID_20427
2011-12,ID_20590
2011-12,ID_20632
2011-12,ID_20667
2011-12,ID_20271
2011-12,ID_20445
2011-12,ID_20622
2011-12,ID_20514
2011-12,ID_20207
2011-12,ID_20559
2011-12,ID_20256
2011-12,ID_20703
2018-19,ID_24886
2018-19,ID_24983
2018-19,ID_24597
2018-19,ID_24728
2018-19,ID_24530
2018-19,ID_24470
2018-19,ID_25082
2018-19,ID_24805
2018-19,ID_24492
2018-19,ID_24908
2018-19,ID_25075
2018-19,ID_24932
2018-19,ID_24623
2018-19,ID_25070
2018-19,ID_24477
2018-19,ID_24904
2018-19,ID_24963
2018-19,ID_24453
2018-19,ID_25109
2018-19,ID_24451
2018-19,ID_24755
2018-19,ID_24721
2018-19,ID_25097
2018-19,ID_24999
2018-19,ID_25134
2018-19,ID_24979
2018-19,ID_24670
2018-19,ID_24529
2018-19,ID_24806
2018-19,ID_24791
2018-19,ID_24978
2018-19,ID_24941
2018-19,ID_25096
2018-19,ID_24541
2018-19,ID_24855
2018-19,ID_24582
2018-19,ID_24734
2018-19,ID_24719
2018-19,ID_24877
2018-19,ID_24611
2018-19,ID_25129
2018-19,ID_24540
2018-19,ID_24688
2018-19,ID_24787
2018-19,ID_24838
2018-19,ID_24553
2018-19,ID_24925
2018-19,ID_25100
2018-19,ID_24546
2018-19,ID_24754
2018-19,ID_24686
2018-19,ID_24488
2018-19,ID_24441
2018-19,ID_24544
2018-19,ID_24528
2018-19,ID_25069
2018-19,ID_24535
2018-19,ID_24655
2018-19,ID_24922
2018-19,ID_24955
2018-19,ID_24786
2018-19,ID_24863
2018-19,ID_24837
2018-19,ID_24665
2018-19,ID_25059
2018-19,ID_24785
2018-19,ID_24580
2018-19,ID_24717
2018-19,ID_24708
2018-19,ID_24781
2018-19,ID_24515
2018-19,ID_24793
2018-19,ID_24637
2018-19,ID_25002
2018-19,ID_25027
2018-19,ID_24498
2018-19,ID_24810
2018-19,ID_25126
2018-19,ID_24848
2018-19,ID_24545
2018-19,ID_24961
2018-19,ID_24489
2018-19,ID_24481
2018-19,ID_25071
2018-19,ID_24616
2018-19,ID_24669
2018-19,ID_24716
2018-19,ID_24586
2018-19,ID_24976
2018-19,ID_24656
2018-19,ID_24889
2018-19,ID_25093
2018-19,ID_24812
2018-19,ID_24839
2018-19,ID_24892
2018-19,ID_24603
2018-19,ID_25037
2018-19,ID_24849
2018-19,ID_24588
2018-19,ID_24628
2018-19,ID_24765
2018-19,ID_24934
2018-19,ID_24618
2018-19,ID_24883
2018-19,ID_25092
2018-19,ID_24803
2018-19,ID_25051
2018-19,ID_24767
2018-19,ID_25015
2018-19,ID_24447
2018-19,ID_25019
2018-19,ID_24647
2018-19,ID_24642
2018-19,ID_24876
2018-19,ID_25026
2018-19,ID_24891
2018-19,ID_24508
2018-19,ID_24452
2018-19,ID_24497
2018-19,ID_24946
2018-19,ID_24738
2018-19,ID_24431
2018-19,ID_24852
2018-19,ID_25125
2018-19,ID_24887
2018-19,ID_24731
2018-19,ID_24556
2018-19,ID_24436
2018-19,ID_24835
2018-19,ID_24826
2018-19,ID_24710
2018-19,ID_24977
2018-19,ID_25119
2018-19,ID_24813
2018-19,ID_24933
2018-19,ID_24860
2018-19,ID_24573
2018-19,ID_25122
2018-19,ID_24905
2018-19,ID_24938
2018-19,ID_24707
2018-19,ID_24748
2018-19,ID_24868
2018-19,ID_25084
2018-19,ID_25039
2018-19,ID_25107
2018-19,ID_24552
2018-19,ID_25127
2018-19,ID_24574
2018-19,ID_24783
2018-19,ID_24956
2018-19,ID_25000
2018-19,ID_24944
2018-19,ID_24757
2018-19,ID_24675
2018-19,ID_24828
2018-19,ID_24968
2018-19,ID_24474
2018-19,ID_24916
2018-19,ID_25137
2018-19,ID_24969
2018-19,ID_25091
2018-19,ID_24823
2018-19,ID_24649
2018-19,ID_25072
2018-19,ID_24661
2018-19,ID_24593
2018-19,ID_24984
2018-19,ID_24836
2018-19,ID_24970
2018-19,ID_24518
2018-19,ID_24630
2018-19,ID_24890
2018-19,ID_25065
2018-19,ID_24479
2018-19,ID_25108
2018-19,ID_24913
2018-19,ID_24730
2018-19,ID_24448
2018-19,ID_24684
2018-19,ID_25022
2018-19,ID_24712
2018-19,ID_24652
2018-19,ID_24667
2018-19,ID_24991
2018-19,ID_24473
2018-19,ID_25104
2018-19,ID_24720
2018-19,ID_24434
2018-19,ID_24519
2018-19,ID_24560
2018-19,ID_24446
2018-19,ID_24943
2018-19,ID_24506
2018-19,ID_24465
2018-19,ID_25048
2018-19,ID_24668
2018-19,ID_24439
2018-19,ID_24536
2018-19,ID_24906
2018-19,ID_25014
2018-19,ID_24455
2018-19,ID_24753
2018-19,ID_24537
2018-19,ID_24602
2018-19,ID_24893
2018-19,ID_24897
2018-19,ID_24988
2018-19,ID_24760
2018-19,ID_24997
2018-19,ID_24917
2018-19,ID_25033
2018-19,ID_24713
2018-19,ID_24449
2018-19,ID_24677
2018-19,ID_25032
2018-19,ID_25004
2018-19,ID_24587
2018-19,ID_24672
2018-19,ID_24629
2018-19,ID_24801
2018-19,ID_24432
2018-19,ID_24804
2018-19,ID_24564
2018-19,ID_25114
2018-19,ID_24857
2018-19,ID_24831
2018-19,ID_24671
2018-19,ID_24794
2018-19,ID_24788
2018-19,ID_25102
2018-19,ID_24937
2018-19,ID_24626
2018-19,ID_24818
2018-19,ID_24865
2018-19,ID_24768
2018-19,ID_24986
2018-19,ID_24784
2018-19,ID_24769
2018-19,ID_24711
2018-19,ID_24664
2018-19,ID_24775
2018-19,ID_24469
2018-19,ID_24487
2018-19,ID_25052
2018-19,ID_25041
2018-19,ID_24714
2018-19,ID_24827
2018-19,ID_24918
2018-19,ID_24901
2018-19,ID_24840
2018-19,ID_24980
2018-19,ID_24736
2018-19,ID_24651
2018-19,ID_24551
2018-19,ID_24974
2018-19,ID_25038
2018-19,ID_24503
2018-19,ID_24570
2018-19,ID_24858
2018-19,ID_25024
2018-19,ID_24816
2018-19,ID_24829
2018-19,ID_24444
2018-19,ID_25132
2018-19,ID_24557
2018-19,ID_24846
2018-19,ID_24772
2018-19,ID_25043
2018-19,ID_24494
2018-19,ID_25116
2018-19,ID_25121
2018-19,ID_25130
2018-19,ID_24715
2018-19,ID_25074
2018-19,ID_24845
2018-19,ID_24645
2018-19,ID_24927
2018-19,ID_25117
2018-19,ID_25011
2018-19,ID_25021
2018-19,ID_24923
2018-19,ID_25009
2018-19,ID_25103
2018-19,ID_25090
2018-19,ID_24899
2018-19,ID_24985
2018-19,ID_24929
2018-19,ID_24673
2018-19,ID_24559
2018-19,ID_24550
2018-19,ID_25044
2018-19,ID_24509
2018-19,ID_24939
2018-19,ID_24475
2018-19,ID_24884
2018-19,ID_24601
2018-19,ID_25081
2018-19,ID_24693
2018-19,ID_24462
2018-19,ID_24491
2018-19,ID_24958
2018-19,ID_24484
2018-19,ID_24634
2018-19,ID_24523
2018-19,ID_24674
2018-19,ID_24472
2018-19,ID_25112
2018-19,ID_24578
2018-19,ID_25095
2018-19,ID_24505
2018-19,ID_24861
2018-19,ID_24490
2018-19,ID_24945
2018-19,ID_24761
2018-19,ID_24539
2018-19,ID_25110
2018-19,ID_25111
2018-19,ID_24739
2018-19,ID_24915
2018-19,ID_25076
2018-19,ID_24870
2018-19,ID_24740
2018-19,ID_24685
2018-19,ID_25118
2018-19,ID_24800
2018-19,ID_24697
2018-19,ID_24898
2018-19,ID_24737
2018-19,ID_24696
2018-19,ID_24476
2018-19,ID_24569
2018-19,ID_24960
2018-19,ID_24659
2018-19,ID_25133
2018-19,ID_24742
2018-19,ID_24895
2018-19,ID_24598
2018-19,ID_24726
2018-19,ID_24576
2018-19,ID_25062
2018-19,ID_25115
2018-19,ID_24608
2018-19,ID_25106
2018-19,ID_25079
2018-19,ID_24638
2018-19,ID_24599
2018-19,ID_25089
2018-19,ID_24606
2018-19,ID_24873
2018-19,ID_25006
2018-19,ID_25136
2018-19,ID_25124
2018-19,ID_24864
2018-19,ID_24604
2018-19,ID_24643
2018-19,ID_24433
2018-19,ID_24701
2018-19,ID_24722
2018-19,ID_24718
2018-19,ID_24733
2018-19,ID_24940
2018-19,ID_24581
2018-19,ID_24825
2018-19,ID_25073
2018-19,ID_25047
2018-19,ID_24951
2018-19,ID_24520
2018-19,ID_24460
2018-19,ID_24566
2018-19,ID_24766
2018-19,ID_24746
2018-19,ID_24993
2018-19,ID_24762
2018-19,ID_24622
2018-19,ID_24987
2018-19,ID_24554
2018-19,ID_25017
2018-19,ID_24585
2018-19,ID_24646
2018-19,ID_24526
2018-19,ID_24724
2018-19,ID_24880
2018-19,ID_24650
2018-19,ID_24579
2018-19,ID_24691
2018-19,ID_24953
2018-19,ID_24833
2018-19,ID_24457
2018-19,ID_24776
2018-19,ID_24807
2018-19,ID_25098
2018-19,ID_24725
2018-19,ID_24842
2018-19,ID_24567
2018-19,ID_24690
2018-19,ID_24594
2018-19,ID_25013
2018-19,ID_24903
2018-19,ID_24894
2018-19,ID_24700
2018-19,ID_24949
2018-19,ID_24548
2018-19,ID_25094
2018-19,ID_25042
2018-19,ID_24727
2018-19,ID_24992
2018-19,ID_25003
2018-19,ID_24982
2018-19,ID_24920
2018-19,ID_24615
2018-19,ID_25078
2018-19,ID_24614
2018-19,ID_24995
2018-19,ID_25025
2018-19,ID_24635
2018-19,ID_24496
2018-19,ID_24681
2018-19,ID_24900
2018-19,ID_24881
2018-19,ID_24592
2018-19,ID_25034
2018-19,ID_24973
2018-19,ID_24589
2018-19,ID_24692
2018-19,ID_24620
2018-19,ID_24756
2018-19,ID_24815
2018-19,ID_25068
2018-19,ID_25080
2018-19,ID_24959
2018-19,ID_24867
2018-19,ID_24459
2018-19,ID_24610
2018-19,ID_24809
2018-19,ID_24575
2018-19,ID_24568
2018-19,ID_25088
2018-19,ID_24750
2018-19,ID_24820
2018-19,ID_24914
2018-19,ID_24874
2018-19,ID_24514
2018-19,ID_24909
2018-19,ID_24542
2018-19,ID_24773
2018-19,ID_25086
2018-19,ID_24510
2018-19,ID_24847
2018-19,ID_24796
2018-19,ID_24792
2018-19,ID_24998
2018-19,ID_25055
2018-19,ID_25063
2018-19,ID_25053
2018-19,ID_24613
2018-19,ID_24871
2018-19,ID_24799
2018-19,ID_24657
2018-19,ID_24565
2018-19,ID_24458
2018-19,ID_24516
2018-19,ID_24619
2018-19,ID_24967
2018-19,ID_24467
2018-19,ID_24824
2018-19,ID_24749
2018-19,ID_24751
2018-19,ID_25001
2018-19,ID_24438
2018-19,ID_24533
2018-19,ID_24885
2018-19,ID_24680
2018-19,ID_24752
2018-19,ID_24952
2018-19,ID_24965
2018-19,ID_24522
2018-19,ID_25105
2018-19,ID_25113
2018-19,ID_24931
2018-19,ID_24507
2018-19,ID_24747
2018-19,ID_24763
2018-19,ID_24782
2018-19,ID_24689
2018-19,ID_24440
2018-19,ID_24910
2018-19,ID_24658
2018-19,ID_24549
2018-19,ID_25010
2018-19,ID_24702
2018-19,ID_24878
2018-19,ID_24683
2018-19,ID_25030
2018-19,ID_24591
2018-19,ID_25005
2018-19,ID_24572
2018-19,ID_24443
2018-19,ID_24525
2018-19,ID_24682
2018-19,ID_24607
2018-19,ID_24779
2018-19,ID_25060
2018-19,ID_25031
2018-19,ID_24495
2018-19,ID_24464
2018-19,ID_24745
2018-19,ID_25128
2018-19,ID_24919
2018-19,ID_24437
2018-19,ID_24994
2018-19,ID_24679
2018-19,ID_24463
2018-19,ID_24926
2018-19,ID_24996
2018-19,ID_25045
2018-19,ID_24699
2018-19,ID_24732
2018-19,ID_24543
2018-19,ID_24819
2018-19,ID_24561
2018-19,ID_24632
2018-19,ID_25101
2018-19,ID_24743
2018-19,ID_24571
2018-19,ID_24640
2018-19,ID_25087
2018-19,ID_24513
2018-19,ID_24851
2018-19,ID_24930
2018-19,ID_24759
2018-19,ID_24964
2018-19,ID_24493
2018-19,ID_24841
2018-19,ID_24966
2018-19,ID_24562
2018-19,ID_24483
2018-19,ID_25008
2018-19,ID_24648
2018-19,ID_25058
2018-19,ID_24430
2018-19,ID_24862
2018-19,ID_24678
2018-19,ID_24442
2018-19,ID_25049
2018-19,ID_24471
2018-19,ID_24485
2018-19,ID_24531
2018-19,ID_24625
2018-19,ID_25099
2018-19,ID_24511
2018-19,ID_24981
2018-19,ID_24875
2018-19,ID_24502
2018-19,ID_25067
2018-19,ID_24948
2018-19,ID_24478
2018-19,ID_24653
2018-19,ID_24517
2018-19,ID_24971
2018-19,ID_24942
2018-19,ID_24928
2018-19,ID_24584
2018-19,ID_24639
2018-19,ID_24662
2018-19,ID_25077
2018-19,ID_24466
2018-19,ID_24499
2018-19,ID_24798
2018-19,ID_24621
2018-19,ID_25054
2018-19,ID_24450
2018-19,ID_24590
2018-19,ID_24501
2018-19,ID_24705
2018-19,ID_24704
2018-19,ID_24486
2018-19,ID_24911
2018-19,ID_25064
2018-19,ID_24744
2018-19,ID_24676
2018-19,ID_24797
2018-19,ID_24595
2018-19,ID_24695
2018-19,ID_24879
2018-19,ID_25036
2018-19,ID_24480
2018-19,ID_24512
2018-19,ID_24834
2018-19,ID_24822
2018-19,ID_24853
2018-19,ID_25018
2018-19,ID_24854
2018-19,ID_24778
2018-19,ID_24633
2018-19,ID_24698
2018-19,ID_25083
2018-19,ID_24435
2018-19,ID_24830
2018-19,ID_24741
2018-19,ID_24456
2018-19,ID_24843
2018-19,ID_24609
2018-19,ID_24534
2018-19,ID_24789
2018-19,ID_24947
2018-19,ID_24869
2018-19,ID_24482
2018-19,ID_25057
2018-19,ID_24817
2018-19,ID_24605
2018-19,ID_24644
2018-19,ID_24660
2018-19,ID_24811
2018-19,ID_24709
2018-19,ID_24935
2018-19,ID_24617
2018-19,ID_24957
2018-19,ID_25028
2018-19,ID_24989
2018-19,ID_24771
2018-19,ID_24882
